陈凯歌,228473,9月28日
陈凯歌,144677,9月29日
陈凯歌,61491,9月30日
陈凯歌,24731,10月1日
陈凯歌,202344,10月2日
陈凯歌,120514,10月3日
陈凯歌,41499,10月4日
陈凯歌,14000,10月5日
陈凯歌,31600,10月6日
陈凯歌,60826,10月7日
陈凯歌,45365,10月8日
陈凯歌,43118,10月9日
陈凯歌,564516,10月10日
陈凯歌,974928,10月11日
陈凯歌,288026,10月12日
陈凯歌,108441,10月13日
陈凯歌,72854,10月14日
陈凯歌,195949,10月15日
陈凯歌,125579,10月16日
陈凯歌,367252,10月17日
陈凯歌,718522,10月18日
陈凯歌,180893,10月19日
陈凯歌,150264,10月20日
陈凯歌,100726,10月21日
陈凯歌,44981,10月22日
陈凯歌,69621,10月23日
陈凯歌,495722,10月24日
陈凯歌,1165569,10月25日
陈凯歌,338570,10月26日
陈凯歌,213140,10月27日
陈凯歌,95138,10月28日
尔冬升,15567,9月28日
尔冬升,43877,9月29日
尔冬升,16999,9月30日
尔冬升,2684,10月1日
尔冬升,384452,10月2日
尔冬升,1916333,10月3日
尔冬升,749796,10月4日
尔冬升,101134,10月5日
尔冬升,54995,10月6日
尔冬升,81103,10月7日
尔冬升,56529,10月8日
尔冬升,61262,10月9日
尔冬升,401261,10月10日
尔冬升,785608,10月11日
尔冬升,225434,10月12日
尔冬升,183328,10月13日
尔冬升,156529,10月14日
尔冬升,197717,10月15日
尔冬升,127583,10月16日
尔冬升,543633,10月17日
尔冬升,1706855,10月18日
尔冬升,301308,10月19日
尔冬升,179874,10月20日
尔冬升,87535,10月21日
尔冬升,815850,10月22日
尔冬升,62530,10月23日
尔冬升,1014424,10月24日
尔冬升,495204,10月25日
尔冬升,587139,10月26日
尔冬升,89220,10月27日
尔冬升,60579,10月28日
赵薇,86153,9月28日
赵薇,137452,9月29日
赵薇,91355,9月30日
赵薇,52560,10月1日
赵薇,375908,10月2日
赵薇,1090887,10月3日
赵薇,197556,10月4日
赵薇,70114,10月5日
赵薇,158422,10月6日
赵薇,101353,10月7日
赵薇,112855,10月8日
赵薇,809294,10月9日
赵薇,2094536,10月10日
赵薇,642544,10月11日
赵薇,353627,10月12日
赵薇,265698,10月13日
赵薇,211495,10月14日
赵薇,224824,10月15日
赵薇,278379,10月16日
赵薇,1310548,10月17日
赵薇,966680,10月18日
赵薇,477896,10月19日
赵薇,640990,10月20日
赵薇,234419,10月21日
赵薇,1887669,10月22日
赵薇,202405,10月23日
赵薇,226316,10月24日
赵薇,194829,10月25日
赵薇,760382,10月26日
赵薇,1213496,10月27日
赵薇,132210,10月28日
郭敬明,373751,9月28日
郭敬明,93467,9月29日
郭敬明,28913,9月30日
郭敬明,9117,10月1日
郭敬明,165809,10月2日
郭敬明,189104,10月3日
郭敬明,70202,10月4日
郭敬明,38036,10月5日
郭敬明,23732,10月6日
郭敬明,40929,10月7日
郭敬明,66306,10月8日
郭敬明,53616,10月9日
郭敬明,1982423,10月10日
郭敬明,3754794,10月11日
郭敬明,755273,10月12日
郭敬明,566800,10月13日
郭敬明,333131,10月14日
郭敬明,1590416,10月15日
郭敬明,375527,10月16日
郭敬明,832512,10月17日
郭敬明,797837,10月18日
郭敬明,287824,10月19日
郭敬明,158828,10月20日
郭敬明,118723,10月21日
郭敬明,72548,10月22日
郭敬明,133585,10月23日
郭敬明,378738,10月24日
郭敬明,461292,10月25日
郭敬明,167349,10月26日
郭敬明,87257,10月27日
郭敬明,58812,10月28日
大鹏,12592,9月28日
大鹏,19469,9月29日
大鹏,27871,9月30日
大鹏,10107,10月1日
大鹏,90227,10月2日
大鹏,200003,10月3日
大鹏,14362,10月4日
大鹏,14488,10月5日
大鹏,17753,10月6日
大鹏,11734,10月7日
大鹏,37250,10月8日
大鹏,24733,10月9日
大鹏,335656,10月10日
大鹏,691823,10月11日
大鹏,188951,10月12日
大鹏,77468,10月13日
大鹏,90194,10月14日
大鹏,171971,10月15日
大鹏,62283,10月16日
大鹏,89705,10月17日
大鹏,82524,10月18日
大鹏,71791,10月19日
大鹏,50801,10月20日
大鹏,24639,10月21日
大鹏,96287,10月22日
大鹏,65245,10月23日
大鹏,51004,10月24日
大鹏,243872,10月25日
大鹏,39232,10月26日
大鹏,165970,10月27日
大鹏,31310,10月28日
陈凯歌,228473,9月28日
陈凯歌,144677,9月29日
陈凯歌,61491,9月30日
陈凯歌,24731,10月1日
陈凯歌,202344,10月2日
陈凯歌,120514,10月3日
陈凯歌,41499,10月4日
陈凯歌,14000,10月5日
陈凯歌,31600,10月6日
陈凯歌,60826,10月7日
陈凯歌,45365,10月8日
陈凯歌,43118,10月9日
陈凯歌,564516,10月10日
陈凯歌,974928,10月11日
陈凯歌,288026,10月12日
陈凯歌,108441,10月13日
陈凯歌,72854,10月14日
陈凯歌,195949,10月15日
陈凯歌,125579,10月16日
陈凯歌,367252,10月17日
陈凯歌,718522,10月18日
陈凯歌,180893,10月19日
陈凯歌,150264,10月20日
陈凯歌,100726,10月21日
陈凯歌,44981,10月22日
陈凯歌,69621,10月23日
陈凯歌,495722,10月24日
陈凯歌,1165569,10月25日
陈凯歌,338570,10月26日
陈凯歌,213140,10月27日
陈凯歌,95138,10月28日
尔冬升,15567,9月28日
尔冬升,43877,9月29日
尔冬升,16999,9月30日
尔冬升,2684,10月1日
尔冬升,384452,10月2日
尔冬升,1916333,10月3日
尔冬升,749796,10月4日
尔冬升,101134,10月5日
尔冬升,54995,10月6日
尔冬升,81103,10月7日
尔冬升,56529,10月8日
尔冬升,61262,10月9日
尔冬升,401261,10月10日
尔冬升,785608,10月11日
尔冬升,225434,10月12日
尔冬升,183328,10月13日
尔冬升,156529,10月14日
尔冬升,197717,10月15日
尔冬升,127583,10月16日
尔冬升,543633,10月17日
尔冬升,1706855,10月18日
尔冬升,301308,10月19日
尔冬升,179874,10月20日
尔冬升,87535,10月21日
尔冬升,815850,10月22日
尔冬升,62530,10月23日
尔冬升,1014424,10月24日
尔冬升,495204,10月25日
尔冬升,587139,10月26日
尔冬升,89220,10月27日
尔冬升,60579,10月28日
赵薇,86153,9月28日
赵薇,137452,9月29日
赵薇,91355,9月30日
赵薇,52560,10月1日
赵薇,375908,10月2日
赵薇,1090887,10月3日
赵薇,197556,10月4日
赵薇,70114,10月5日
赵薇,158422,10月6日
赵薇,101353,10月7日
赵薇,112855,10月8日
赵薇,809294,10月9日
赵薇,2094536,10月10日
赵薇,642544,10月11日
赵薇,353627,10月12日
赵薇,265698,10月13日
赵薇,211495,10月14日
赵薇,224824,10月15日
赵薇,278379,10月16日
赵薇,1310548,10月17日
赵薇,966680,10月18日
赵薇,477896,10月19日
赵薇,640990,10月20日
赵薇,234419,10月21日
赵薇,1887669,10月22日
赵薇,202405,10月23日
赵薇,226316,10月24日
赵薇,194829,10月25日
赵薇,760382,10月26日
赵薇,1213496,10月27日
赵薇,132210,10月28日
郭敬明,373751,9月28日
郭敬明,93467,9月29日
郭敬明,28913,9月30日
郭敬明,9117,10月1日
郭敬明,165809,10月2日
郭敬明,189104,10月3日
郭敬明,70202,10月4日
郭敬明,38036,10月5日
郭敬明,23732,10月6日
郭敬明,40929,10月7日
郭敬明,66306,10月8日
郭敬明,53616,10月9日
郭敬明,1982423,10月10日
郭敬明,3754794,10月11日
郭敬明,755273,10月12日
郭敬明,566800,10月13日
郭敬明,333131,10月14日
郭敬明,1590416,10月15日
郭敬明,375527,10月16日
郭敬明,832512,10月17日
郭敬明,797837,10月18日
郭敬明,287824,10月19日
郭敬明,158828,10月20日
郭敬明,118723,10月21日
郭敬明,72548,10月22日
郭敬明,133585,10月23日
郭敬明,378738,10月24日
郭敬明,461292,10月25日
郭敬明,167349,10月26日
郭敬明,87257,10月27日
郭敬明,58812,10月28日
大鹏,12592,9月28日
大鹏,19469,9月29日
大鹏,27871,9月30日
大鹏,10107,10月1日
大鹏,90227,10月2日
大鹏,200003,10月3日
大鹏,14362,10月4日
大鹏,14488,10月5日
大鹏,17753,10月6日
大鹏,11734,10月7日
大鹏,37250,10月8日
大鹏,24733,10月9日
大鹏,335656,10月10日
大鹏,691823,10月11日
大鹏,188951,10月12日
大鹏,77468,10月13日
大鹏,90194,10月14日
大鹏,171971,10月15日
大鹏,62283,10月16日
大鹏,89705,10月17日
大鹏,82524,10月18日
大鹏,71791,10月19日
大鹏,50801,10月20日
大鹏,24639,10月21日
大鹏,96287,10月22日
大鹏,65245,10月23日
大鹏,51004,10月24日
大鹏,243872,10月25日
大鹏,39232,10月26日
大鹏,165970,10月27日
大鹏,31310,10月28日
小彩旗,394,9月28日
小彩旗,722,9月29日
小彩旗,1227,9月30日
小彩旗,16511,10月1日
小彩旗,159508,10月2日
小彩旗,281064,10月3日
小彩旗,25234,10月4日
小彩旗,8665,10月5日
小彩旗,14510,10月6日
小彩旗,9328,10月7日
小彩旗,9180,10月8日
小彩旗,852,10月9日
小彩旗,5559,10月10日
小彩旗,7264,10月11日
小彩旗,1522,10月12日
小彩旗,5309,10月13日
小彩旗,542,10月14日
小彩旗,3269,10月15日
小彩旗,200,10月16日
小彩旗,1219,10月17日
小彩旗,5804,10月18日
小彩旗,1607,10月19日
小彩旗,1107,10月20日
小彩旗,2671,10月21日
小彩旗,7552,10月22日
小彩旗,998,10月23日
小彩旗,15339,10月24日
小彩旗,23482,10月25日
小彩旗,25454,10月26日
小彩旗,6728,10月27日
小彩旗,10358,10月28日
曹骏,1245,9月28日
曹骏,12580,9月29日
曹骏,2164,9月30日
曹骏,801,10月1日
曹骏,9336,10月2日
曹骏,9333,10月3日
曹骏,5880,10月4日
曹骏,5473,10月5日
曹骏,21852,10月6日
曹骏,2406,10月7日
曹骏,1350,10月8日
曹骏,7761,10月9日
曹骏,7049,10月10日
曹骏,1167,10月11日
曹骏,3844,10月12日
曹骏,380,10月13日
曹骏,161,10月14日
曹骏,7993,10月15日
曹骏,14537,10月16日
曹骏,283388,10月17日
曹骏,1162644,10月18日
曹骏,133005,10月19日
曹骏,56805,10月20日
曹骏,50967,10月21日
曹骏,855845,10月22日
曹骏,63995,10月23日
曹骏,354370,10月24日
曹骏,257054,10月25日
曹骏,57640,10月26日
曹骏,71336,10月27日
曹骏,52237,10月28日
丁程鑫,238743,9月28日
丁程鑫,331144,9月29日
丁程鑫,220502,9月30日
丁程鑫,684493,10月1日
丁程鑫,3258777,10月2日
丁程鑫,2945537,10月3日
丁程鑫,1093234,10月4日
丁程鑫,585431,10月5日
丁程鑫,868115,10月6日
丁程鑫,446744,10月7日
丁程鑫,308517,10月8日
丁程鑫,678697,10月9日
丁程鑫,2291776,10月10日
丁程鑫,1379764,10月11日
丁程鑫,707662,10月12日
丁程鑫,971514,10月13日
丁程鑫,348708,10月14日
丁程鑫,447873,10月15日
丁程鑫,429579,10月16日
丁程鑫,4512966,10月17日
丁程鑫,738146,10月18日
丁程鑫,401758,10月19日
丁程鑫,558801,10月20日
丁程鑫,412449,10月21日
丁程鑫,849710,10月22日
丁程鑫,602516,10月23日
丁程鑫,1837092,10月24日
丁程鑫,474224,10月25日
丁程鑫,626672,10月26日
丁程鑫,818343,10月27日
丁程鑫,571132,10月28日
费启鸣,14373,9月28日
费启鸣,24442,9月29日
费启鸣,10394,9月30日
费启鸣,17126,10月1日
费启鸣,73170,10月2日
费启鸣,23991,10月3日
费启鸣,6101,10月4日
费启鸣,3629,10月5日
费启鸣,8424,10月6日
费启鸣,36006,10月7日
费启鸣,4261,10月8日
费启鸣,5472,10月9日
费启鸣,76109,10月10日
费启鸣,223888,10月11日
费启鸣,81886,10月12日
费启鸣,27695,10月13日
费启鸣,12086,10月14日
费启鸣,14115,10月15日
费启鸣,19766,10月16日
费启鸣,233413,10月17日
费启鸣,33607,10月18日
费启鸣,9714,10月19日
费启鸣,54141,10月20日
费启鸣,18249,10月21日
费启鸣,6645,10月22日
费启鸣,62703,10月23日
费启鸣,15362,10月24日
费启鸣,14521,10月25日
费启鸣,8970,10月26日
费启鸣,13559,10月27日
费启鸣,7349,10月28日
郭晓婷,2552,9月28日
郭晓婷,7704,9月29日
郭晓婷,196014,9月30日
郭晓婷,10406,10月1日
郭晓婷,11327,10月2日
郭晓婷,28228,10月3日
郭晓婷,15206,10月4日
郭晓婷,793,10月5日
郭晓婷,1951,10月6日
郭晓婷,25378,10月7日
郭晓婷,23553,10月8日
郭晓婷,14692,10月9日
郭晓婷,523,10月10日
郭晓婷,14092,10月11日
郭晓婷,13295,10月12日
郭晓婷,9376,10月13日
郭晓婷,3753,10月14日
郭晓婷,6504,10月15日
郭晓婷,14009,10月16日
郭晓婷,99625,10月17日
郭晓婷,71145,10月18日
郭晓婷,31978,10月19日
郭晓婷,29413,10月20日
郭晓婷,24894,10月21日
郭晓婷,5063,10月22日
郭晓婷,23300,10月23日
郭晓婷,20325,10月24日
郭晓婷,53788,10月25日
郭晓婷,18873,10月26日
郭晓婷,11238,10月27日
郭晓婷,18253,10月28日
贺开朗,2,9月28日
贺开朗,13,9月29日
贺开朗,38,9月30日
贺开朗,0,10月1日
贺开朗,6384,10月2日
贺开朗,2403,10月3日
贺开朗,322,10月4日
贺开朗,335,10月5日
贺开朗,202,10月6日
贺开朗,84,10月7日
贺开朗,692,10月8日
贺开朗,159,10月9日
贺开朗,95149,10月10日
贺开朗,32831,10月11日
贺开朗,2797,10月12日
贺开朗,4113,10月13日
贺开朗,506,10月14日
贺开朗,25525,10月15日
贺开朗,3634,10月16日
贺开朗,13314,10月17日
贺开朗,421,10月18日
贺开朗,189,10月19日
贺开朗,120,10月20日
贺开朗,111,10月21日
贺开朗,72,10月22日
贺开朗,1370,10月23日
贺开朗,5755,10月24日
贺开朗,287,10月25日
贺开朗,435,10月26日
贺开朗,250,10月27日
贺开朗,61613,10月28日
黄璐,12,9月28日
黄璐,760,9月29日
黄璐,835,9月30日
黄璐,51,10月1日
黄璐,11489,10月2日
黄璐,7325,10月3日
黄璐,374,10月4日
黄璐,16856,10月5日
黄璐,11933,10月6日
黄璐,4980,10月7日
黄璐,17189,10月8日
黄璐,3014,10月9日
黄璐,22803,10月10日
黄璐,21897,10月11日
黄璐,48520,10月12日
黄璐,44098,10月13日
黄璐,1941,10月14日
黄璐,13554,10月15日
黄璐,302,10月16日
黄璐,2145,10月17日
黄璐,3525,10月18日
黄璐,841,10月19日
黄璐,1321,10月20日
黄璐,53,10月21日
黄璐,7347,10月22日
黄璐,15123,10月23日
黄璐,15700,10月24日
黄璐,8286,10月25日
黄璐,38911,10月26日
黄璐,4787,10月27日
黄璐,982,10月28日
黄梦莹,24243,9月28日
黄梦莹,7183,9月29日
黄梦莹,8241,9月30日
黄梦莹,14776,10月1日
黄梦莹,29052,10月2日
黄梦莹,6154,10月3日
黄梦莹,13121,10月4日
黄梦莹,1979,10月5日
黄梦莹,29260,10月6日
黄梦莹,2763,10月7日
黄梦莹,3862,10月8日
黄梦莹,457,10月9日
黄梦莹,2572,10月10日
黄梦莹,2662,10月11日
黄梦莹,2328,10月12日
黄梦莹,757,10月13日
黄梦莹,651,10月14日
黄梦莹,2402,10月15日
黄梦莹,11268,10月16日
黄梦莹,183463,10月17日
黄梦莹,394783,10月18日
黄梦莹,73303,10月19日
黄梦莹,15712,10月20日
黄梦莹,30424,10月21日
黄梦莹,7452,10月22日
黄梦莹,47171,10月23日
黄梦莹,43310,10月24日
黄梦莹,61282,10月25日
黄梦莹,12287,10月26日
黄梦莹,28032,10月27日
黄梦莹,10477,10月28日
胡杏儿,5470,9月28日
胡杏儿,9723,9月29日
胡杏儿,32880,9月30日
胡杏儿,35538,10月1日
胡杏儿,24870,10月2日
胡杏儿,35735,10月3日
胡杏儿,9579,10月4日
胡杏儿,6402,10月5日
胡杏儿,8826,10月6日
胡杏儿,14502,10月7日
胡杏儿,32343,10月8日
胡杏儿,36767,10月9日
胡杏儿,276312,10月10日
胡杏儿,335359,10月11日
胡杏儿,208204,10月12日
胡杏儿,92599,10月13日
胡杏儿,21832,10月14日
胡杏儿,62421,10月15日
胡杏儿,93168,10月16日
胡杏儿,31768,10月17日
胡杏儿,61874,10月18日
胡杏儿,37304,10月19日
胡杏儿,77177,10月20日
胡杏儿,45201,10月21日
胡杏儿,25128,10月22日
胡杏儿,64547,10月23日
胡杏儿,210974,10月24日
胡杏儿,723903,10月25日
胡杏儿,139682,10月26日
胡杏儿,51632,10月27日
胡杏儿,99595,10月28日
黄奕,12530,9月28日
黄奕,64487,9月29日
黄奕,23878,9月30日
黄奕,1955,10月1日
黄奕,36872,10月2日
黄奕,71861,10月3日
黄奕,35999,10月4日
黄奕,28142,10月5日
黄奕,35493,10月6日
黄奕,62968,10月7日
黄奕,48785,10月8日
黄奕,21073,10月9日
黄奕,774463,10月10日
黄奕,2450945,10月11日
黄奕,587117,10月12日
黄奕,157605,10月13日
黄奕,69245,10月14日
黄奕,123984,10月15日
黄奕,98576,10月16日
黄奕,43327,10月17日
黄奕,79314,10月18日
黄奕,35807,10月19日
黄奕,42495,10月20日
黄奕,73424,10月21日
黄奕,133240,10月22日
黄奕,61629,10月23日
黄奕,752965,10月24日
黄奕,968534,10月25日
黄奕,168203,10月26日
黄奕,107593,10月27日
黄奕,66816,10月28日
辣目洋子,12190,9月28日
辣目洋子,3991,9月29日
辣目洋子,392603,9月30日
辣目洋子,66064,10月1日
辣目洋子,70217,10月2日
辣目洋子,43195,10月3日
辣目洋子,15876,10月4日
辣目洋子,7796,10月5日
辣目洋子,4493,10月6日
辣目洋子,2966,10月7日
辣目洋子,23452,10月8日
辣目洋子,11210,10月9日
辣目洋子,292083,10月10日
辣目洋子,1256737,10月11日
辣目洋子,193632,10月12日
辣目洋子,109972,10月13日
辣目洋子,23400,10月14日
辣目洋子,28899,10月15日
辣目洋子,21418,10月16日
辣目洋子,19183,10月17日
辣目洋子,94764,10月18日
辣目洋子,20114,10月19日
辣目洋子,18254,10月20日
辣目洋子,7923,10月21日
辣目洋子,25373,10月22日
辣目洋子,53699,10月23日
辣目洋子,100682,10月24日
辣目洋子,748544,10月25日
辣目洋子,43628,10月26日
辣目洋子,42376,10月27日
辣目洋子,73539,10月28日
刘芮麟,10534,9月28日
刘芮麟,3787,9月29日
刘芮麟,6080,9月30日
刘芮麟,2661,10月1日
刘芮麟,10249,10月2日
刘芮麟,3821,10月3日
刘芮麟,454,10月4日
刘芮麟,435,10月5日
刘芮麟,5792,10月6日
刘芮麟,13783,10月7日
刘芮麟,248,10月8日
刘芮麟,385,10月9日
刘芮麟,29234,10月10日
刘芮麟,3992,10月11日
刘芮麟,24053,10月12日
刘芮麟,589,10月13日
刘芮麟,406,10月14日
刘芮麟,3876,10月15日
刘芮麟,12533,10月16日
刘芮麟,448,10月17日
刘芮麟,255,10月18日
刘芮麟,4849,10月19日
刘芮麟,286,10月20日
刘芮麟,275,10月21日
刘芮麟,1506,10月22日
刘芮麟,15134,10月23日
刘芮麟,5703,10月24日
刘芮麟,22412,10月25日
刘芮麟,713,10月26日
刘芮麟,369,10月27日
刘芮麟,224247,10月28日
李溪芮,418,9月28日
李溪芮,5881,9月29日
李溪芮,3825,9月30日
李溪芮,2753,10月1日
李溪芮,79517,10月2日
李溪芮,124631,10月3日
李溪芮,11953,10月4日
李溪芮,8149,10月5日
李溪芮,4919,10月6日
李溪芮,15442,10月7日
李溪芮,6204,10月8日
李溪芮,312374,10月9日
李溪芮,22462,10月10日
李溪芮,7777,10月11日
李溪芮,32918,10月12日
李溪芮,87706,10月13日
李溪芮,17099,10月14日
李溪芮,10586,10月15日
李溪芮,26085,10月16日
李溪芮,1070378,10月17日
李溪芮,1304148,10月18日
李溪芮,119040,10月19日
李溪芮,58924,10月20日
李溪芮,35192,10月21日
李溪芮,30169,10月22日
李溪芮,29169,10月23日
李溪芮,19226,10月24日
李溪芮,674987,10月25日
李溪芮,80590,10月26日
李溪芮,15436,10月27日
李溪芮,48629,10月28日
娄艺潇,48180,9月28日
娄艺潇,6465,9月29日
娄艺潇,12664,9月30日
娄艺潇,4098,10月1日
娄艺潇,52293,10月2日
娄艺潇,26108,10月3日
娄艺潇,48118,10月4日
娄艺潇,24840,10月5日
娄艺潇,15382,10月6日
娄艺潇,341815,10月7日
娄艺潇,74983,10月8日
娄艺潇,22922,10月9日
娄艺潇,16591,10月10日
娄艺潇,18826,10月11日
娄艺潇,49195,10月12日
娄艺潇,61116,10月13日
娄艺潇,11948,10月14日
娄艺潇,46310,10月15日
娄艺潇,37468,10月16日
娄艺潇,205421,10月17日
娄艺潇,412040,10月18日
娄艺潇,57738,10月19日
娄艺潇,66141,10月20日
娄艺潇,37651,10月21日
娄艺潇,19423,10月22日
娄艺潇,82145,10月23日
娄艺潇,50798,10月24日
娄艺潇,19202,10月25日
娄艺潇,472540,10月26日
娄艺潇,66982,10月27日
娄艺潇,48586,10月28日
李智楠,2224,9月28日
李智楠,1357,9月29日
李智楠,333,9月30日
李智楠,330,10月1日
李智楠,13129,10月2日
李智楠,1718,10月3日
李智楠,255,10月4日
李智楠,79,10月5日
李智楠,119,10月6日
李智楠,177,10月7日
李智楠,28792,10月8日
李智楠,23920,10月9日
李智楠,5236,10月10日
李智楠,638,10月11日
李智楠,1510,10月12日
李智楠,74,10月13日
李智楠,34,10月14日
李智楠,56,10月15日
李智楠,6394,10月16日
李智楠,65142,10月17日
李智楠,56818,10月18日
李智楠,29611,10月19日
李智楠,15448,10月20日
李智楠,3887,10月21日
李智楠,6536,10月22日
李智楠,7565,10月23日
李智楠,6117,10月24日
李智楠,2697,10月25日
李智楠,14512,10月26日
李智楠,980,10月27日
李智楠,138,10月28日
马伯骞,185514,9月28日
马伯骞,231900,9月29日
马伯骞,193960,9月30日
马伯骞,20836,10月1日
马伯骞,146819,10月2日
马伯骞,33718,10月3日
马伯骞,6534,10月4日
马伯骞,13157,10月5日
马伯骞,21017,10月6日
马伯骞,4685,10月7日
马伯骞,9599,10月8日
马伯骞,25594,10月9日
马伯骞,168921,10月10日
马伯骞,171946,10月11日
马伯骞,71285,10月12日
马伯骞,62130,10月13日
马伯骞,33780,10月14日
马伯骞,102917,10月15日
马伯骞,272900,10月16日
马伯骞,61595,10月17日
马伯骞,29648,10月18日
马伯骞,58089,10月19日
马伯骞,21954,10月20日
马伯骞,53694,10月21日
马伯骞,56807,10月22日
马伯骞,61114,10月23日
马伯骞,58760,10月24日
马伯骞,133489,10月25日
马伯骞,82156,10月26日
马伯骞,44685,10月27日
马伯骞,386953,10月28日
马苏,18056,9月28日
马苏,16590,9月29日
马苏,37526,9月30日
马苏,17952,10月1日
马苏,123284,10月2日
马苏,931842,10月3日
马苏,279543,10月4日
马苏,64479,10月5日
马苏,38809,10月6日
马苏,73488,10月7日
马苏,58474,10月8日
马苏,40044,10月9日
马苏,121185,10月10日
马苏,73648,10月11日
马苏,65451,10月12日
马苏,31573,10月13日
马苏,27998,10月14日
马苏,61292,10月15日
马苏,17376,10月16日
马苏,25963,10月17日
马苏,28169,10月18日
马苏,37354,10月19日
马苏,35036,10月20日
马苏,23652,10月21日
马苏,14070,10月22日
马苏,12039,10月23日
马苏,70097,10月24日
马苏,102524,10月25日
马苏,71040,10月26日
马苏,52933,10月27日
马苏,26005,10月28日
孟子义,507064,9月28日
孟子义,26979,9月29日
孟子义,31170,9月30日
孟子义,6871,10月1日
孟子义,47819,10月2日
孟子义,10060,10月3日
孟子义,18192,10月4日
孟子义,14096,10月5日
孟子义,2182,10月6日
孟子义,9232,10月7日
孟子义,6577,10月8日
孟子义,7718,10月9日
孟子义,8906,10月10日
孟子义,7049,10月11日
孟子义,30256,10月12日
孟子义,9591,10月13日
孟子义,3251,10月14日
孟子义,2948,10月15日
孟子义,11150,10月16日
孟子义,814596,10月17日
孟子义,297485,10月18日
孟子义,85355,10月19日
孟子义,20042,10月20日
孟子义,22442,10月21日
孟子义,9640,10月22日
孟子义,6965,10月23日
孟子义,27336,10月24日
孟子义,62731,10月25日
孟子义,16534,10月26日
孟子义,21076,10月27日
孟子义,37181,10月28日
倪虹洁,50,9月28日
倪虹洁,2927,9月29日
倪虹洁,268390,9月30日
倪虹洁,4283,10月1日
倪虹洁,69572,10月2日
倪虹洁,301396,10月3日
倪虹洁,1331254,10月4日
倪虹洁,75671,10月5日
倪虹洁,26789,10月6日
倪虹洁,65648,10月7日
倪虹洁,44408,10月8日
倪虹洁,3851,10月9日
倪虹洁,24236,10月10日
倪虹洁,16430,10月11日
倪虹洁,7293,10月12日
倪虹洁,6685,10月13日
倪虹洁,2618,10月14日
倪虹洁,200898,10月15日
倪虹洁,17710,10月16日
倪虹洁,8365,10月17日
倪虹洁,18902,10月18日
倪虹洁,10166,10月19日
倪虹洁,5117,10月20日
倪虹洁,4033,10月21日
倪虹洁,33979,10月22日
倪虹洁,47805,10月23日
倪虹洁,134137,10月24日
倪虹洁,156167,10月25日
倪虹洁,61201,10月26日
倪虹洁,33349,10月27日
倪虹洁,6326,10月28日
任敏,9761,9月28日
任敏,12676,9月29日
任敏,248718,9月30日
任敏,14828,10月1日
任敏,355410,10月2日
任敏,223394,10月3日
任敏,80777,10月4日
任敏,51645,10月5日
任敏,17476,10月6日
任敏,39750,10月7日
任敏,1563794,10月8日
任敏,34031,10月9日
任敏,25291,10月10日
任敏,26355,10月11日
任敏,24496,10月12日
任敏,35633,10月13日
任敏,13360,10月14日
任敏,12439,10月15日
任敏,9286,10月16日
任敏,183819,10月17日
任敏,47689,10月18日
任敏,27220,10月19日
任敏,22132,10月20日
任敏,7651,10月21日
任敏,12563,10月22日
任敏,24962,10月23日
任敏,60463,10月24日
任敏,68268,10月25日
任敏,82751,10月26日
任敏,66209,10月27日
任敏,122077,10月28日
孙千,5758,9月28日
孙千,4381,9月29日
孙千,1501,9月30日
孙千,6167,10月1日
孙千,60036,10月2日
孙千,4644,10月3日
孙千,1895,10月4日
孙千,3813,10月5日
孙千,1478,10月6日
孙千,4595,10月7日
孙千,16935,10月8日
孙千,10185,10月9日
孙千,26707,10月10日
孙千,4039,10月11日
孙千,5487,10月12日
孙千,1156,10月13日
孙千,1665,10月14日
孙千,2683,10月15日
孙千,7672,10月16日
孙千,214777,10月17日
孙千,414080,10月18日
孙千,98902,10月19日
孙千,33884,10月20日
孙千,14162,10月21日
孙千,12902,10月22日
孙千,21352,10月23日
孙千,47783,10月24日
孙千,82777,10月25日
孙千,18789,10月26日
孙千,22430,10月27日
孙千,11923,10月28日
孙阳,11,9月28日
孙阳,401,9月29日
孙阳,23,9月30日
孙阳,42,10月1日
孙阳,7742,10月2日
孙阳,722,10月3日
孙阳,345,10月4日
孙阳,122,10月5日
孙阳,101,10月6日
孙阳,152,10月7日
孙阳,592,10月8日
孙阳,115,10月9日
孙阳,249,10月10日
孙阳,683,10月11日
孙阳,1629,10月12日
孙阳,282,10月13日
孙阳,245,10月14日
孙阳,70,10月15日
孙阳,6361,10月16日
孙阳,44390,10月17日
孙阳,37360,10月18日
孙阳,18730,10月19日
孙阳,672,10月20日
孙阳,1209,10月21日
孙阳,216,10月22日
孙阳,12406,10月23日
孙阳,67308,10月24日
孙阳,43961,10月25日
孙阳,15280,10月26日
孙阳,14351,10月27日
孙阳,13498,10月28日
唐一菲,10391,9月28日
唐一菲,5076,9月29日
唐一菲,5140,9月30日
唐一菲,422,10月1日
唐一菲,13025,10月2日
唐一菲,650122,10月3日
唐一菲,348799,10月4日
唐一菲,46149,10月5日
唐一菲,14888,10月6日
唐一菲,2086,10月7日
唐一菲,16729,10月8日
唐一菲,5969,10月9日
唐一菲,14481,10月10日
唐一菲,3703,10月11日
唐一菲,12969,10月12日
唐一菲,14991,10月13日
唐一菲,4576,10月14日
唐一菲,634738,10月15日
唐一菲,55901,10月16日
唐一菲,305997,10月17日
唐一菲,277608,10月18日
唐一菲,129247,10月19日
唐一菲,49547,10月20日
唐一菲,23708,10月21日
唐一菲,45400,10月22日
唐一菲,92206,10月23日
唐一菲,440050,10月24日
唐一菲,873600,10月25日
唐一菲,115982,10月26日
唐一菲,49587,10月27日
唐一菲,45802,10月28日
陈宥维,49349,9月28日
陈宥维,111320,9月29日
陈宥维,243668,9月30日
陈宥维,100634,10月1日
陈宥维,701435,10月2日
陈宥维,992420,10月3日
陈宥维,179744,10月4日
陈宥维,955449,10月5日
陈宥维,390303,10月6日
陈宥维,225757,10月7日
陈宥维,76950,10月8日
陈宥维,50377,10月9日
陈宥维,52641,10月10日
陈宥维,49104,10月11日
陈宥维,90045,10月12日
陈宥维,342524,10月13日
陈宥维,132934,10月14日
陈宥维,64934,10月15日
陈宥维,41916,10月16日
陈宥维,149233,10月17日
陈宥维,133152,10月18日
陈宥维,147400,10月19日
陈宥维,15035,10月20日
陈宥维,77161,10月21日
陈宥维,16440,10月22日
陈宥维,46005,10月23日
陈宥维,73948,10月24日
陈宥维,166158,10月25日
陈宥维,65712,10月26日
陈宥维,109020,10月27日
陈宥维,161888,10月28日
何昶希,100651,9月28日
何昶希,50804,9月29日
何昶希,132123,9月30日
何昶希,21635,10月1日
何昶希,417763,10月2日
何昶希,63098,10月3日
何昶希,38307,10月4日
何昶希,124519,10月5日
何昶希,152095,10月6日
何昶希,37575,10月7日
何昶希,36841,10月8日
何昶希,23749,10月9日
何昶希,1472564,10月10日
何昶希,1605951,10月11日
何昶希,185727,10月12日
何昶希,160922,10月13日
何昶希,77520,10月14日
何昶希,191035,10月15日
何昶希,175222,10月16日
何昶希,401881,10月17日
何昶希,221439,10月18日
何昶希,119141,10月19日
何昶希,18387,10月20日
何昶希,34607,10月21日
何昶希,9825,10月22日
何昶希,33564,10月23日
何昶希,30964,10月24日
何昶希,78072,10月25日
何昶希,49112,10月26日
何昶希,38039,10月27日
何昶希,84732,10月28日
王莎莎,10552,9月28日
王莎莎,3925,9月29日
王莎莎,1602329,9月30日
王莎莎,528,10月1日
王莎莎,20947,10月2日
王莎莎,8027,10月3日
王莎莎,34619,10月4日
王莎莎,5132,10月5日
王莎莎,6224,10月6日
王莎莎,1117,10月7日
王莎莎,22878,10月8日
王莎莎,1541,10月9日
王莎莎,2618,10月10日
王莎莎,1125,10月11日
王莎莎,1521,10月12日
王莎莎,1579,10月13日
王莎莎,64,10月14日
王莎莎,68,10月15日
王莎莎,7405,10月16日
王莎莎,174845,10月17日
王莎莎,237719,10月18日
王莎莎,50079,10月19日
王莎莎,36634,10月20日
王莎莎,25332,10月21日
王莎莎,23643,10月22日
王莎莎,49076,10月23日
王莎莎,22069,10月24日
王莎莎,6016,10月25日
王莎莎,21359,10月26日
王莎莎,3308,10月27日
王莎莎,1100,10月28日
王智,14855,9月28日
王智,5306,9月29日
王智,10502,9月30日
王智,2834,10月1日
王智,35395,10月2日
王智,42359,10月3日
王智,5650,10月4日
王智,923,10月5日
王智,20916,10月6日
王智,6197,10月7日
王智,11768,10月8日
王智,22497,10月9日
王智,14375,10月10日
王智,5931,10月11日
王智,2054,10月12日
王智,6741,10月13日
王智,6684,10月14日
王智,24486,10月15日
王智,11241,10月16日
王智,489,10月17日
王智,7419,10月18日
王智,2806,10月19日
王智,906,10月20日
王智,7880,10月21日
王智,88598,10月22日
王智,6549,10月23日
王智,26232,10月24日
王智,27899,10月25日
王智,19978,10月26日
王智,5989,10月27日
王智,16124,10月28日
温峥嵘,10570,9月28日
温峥嵘,26422,9月29日
温峥嵘,14428,9月30日
温峥嵘,7118,10月1日
温峥嵘,42225,10月2日
温峥嵘,133543,10月3日
温峥嵘,52554,10月4日
温峥嵘,10594,10月5日
温峥嵘,5756,10月6日
温峥嵘,16105,10月7日
温峥嵘,63619,10月8日
温峥嵘,42198,10月9日
温峥嵘,8410,10月10日
温峥嵘,13131,10月11日
温峥嵘,11098,10月12日
温峥嵘,1427,10月13日
温峥嵘,1988,10月14日
温峥嵘,6489,10月15日
温峥嵘,6895,10月16日
温峥嵘,338126,10月17日
温峥嵘,220187,10月18日
温峥嵘,73484,10月19日
温峥嵘,40111,10月20日
温峥嵘,21515,10月21日
温峥嵘,17293,10月22日
温峥嵘,47677,10月23日
温峥嵘,21717,10月24日
温峥嵘,26796,10月25日
温峥嵘,24897,10月26日
温峥嵘,6117,10月27日
温峥嵘,39591,10月28日
晏紫东,3895,9月28日
晏紫东,6858,9月29日
晏紫东,13026,9月30日
晏紫东,17871,10月1日
晏紫东,224472,10月2日
晏紫东,494196,10月3日
晏紫东,14034,10月4日
晏紫东,16861,10月5日
晏紫东,24471,10月6日
晏紫东,6066,10月7日
晏紫东,2600,10月8日
晏紫东,24918,10月9日
晏紫东,6414,10月10日
晏紫东,88456,10月11日
晏紫东,5011,10月12日
晏紫东,7509,10月13日
晏紫东,4719,10月14日
晏紫东,4580,10月15日
晏紫东,1189,10月16日
晏紫东,2148,10月17日
晏紫东,8189,10月18日
晏紫东,2141,10月19日
晏紫东,1036,10月20日
晏紫东,887,10月21日
晏紫东,1195,10月22日
晏紫东,5289,10月23日
晏紫东,72332,10月24日
晏紫东,44769,10月25日
晏紫东,28281,10月26日
晏紫东,9337,10月27日
晏紫东,23082,10月28日
杨志刚,447,9月28日
杨志刚,1292,9月29日
杨志刚,621,9月30日
杨志刚,1127,10月1日
杨志刚,22400,10月2日
杨志刚,15535,10月3日
杨志刚,3069,10月4日
杨志刚,6211,10月5日
杨志刚,2533,10月6日
杨志刚,8226,10月7日
杨志刚,19244,10月8日
杨志刚,878,10月9日
杨志刚,2059,10月10日
杨志刚,9464,10月11日
杨志刚,3341,10月12日
杨志刚,4984,10月13日
杨志刚,1463,10月14日
杨志刚,16627,10月15日
杨志刚,23975,10月16日
杨志刚,122506,10月17日
杨志刚,424682,10月18日
杨志刚,122750,10月19日
杨志刚,105710,10月20日
杨志刚,43228,10月21日
杨志刚,18913,10月22日
杨志刚,55642,10月23日
杨志刚,101042,10月24日
杨志刚,182810,10月25日
杨志刚,105533,10月26日
杨志刚,331845,10月27日
杨志刚,50532,10月28日
张大大,7911,9月28日
张大大,27143,9月29日
张大大,16410,9月30日
张大大,6693,10月1日
张大大,185350,10月2日
张大大,1355504,10月3日
张大大,159972,10月4日
张大大,21951,10月5日
张大大,37033,10月6日
张大大,74334,10月7日
张大大,63454,10月8日
张大大,53944,10月9日
张大大,56914,10月10日
张大大,1144426,10月11日
张大大,69997,10月12日
张大大,180973,10月13日
张大大,24538,10月14日
张大大,711699,10月15日
张大大,434977,10月16日
张大大,172019,10月17日
张大大,61798,10月18日
张大大,58344,10月19日
张大大,7329,10月20日
张大大,5545,10月21日
张大大,20989,10月22日
张大大,58525,10月23日
张大大,488940,10月24日
张大大,153302,10月25日
张大大,55228,10月26日
张大大,1031088,10月27日
张大大,16772,10月28日
张海宇,18,9月28日
张海宇,53,9月29日
张海宇,40,9月30日
张海宇,94,10月1日
张海宇,8232,10月2日
张海宇,182,10月3日
张海宇,186,10月4日
张海宇,42,10月5日
张海宇,182,10月6日
张海宇,34,10月7日
张海宇,659,10月8日
张海宇,3025,10月9日
张海宇,98,10月10日
张海宇,153,10月11日
张海宇,1658,10月12日
张海宇,28,10月13日
张海宇,49,10月14日
张海宇,879,10月15日
张海宇,10391,10月16日
张海宇,187300,10月17日
张海宇,143809,10月18日
张海宇,17099,10月19日
张海宇,24652,10月20日
张海宇,14755,10月21日
张海宇,2692,10月22日
张海宇,15824,10月23日
张海宇,16976,10月24日
张海宇,5418,10月25日
张海宇,846,10月26日
张海宇,206,10月27日
张海宇,920,10月28日
张铭恩,3781,9月28日
张铭恩,40553,9月29日
张铭恩,18345,9月30日
张铭恩,3032,10月1日
张铭恩,47724,10月2日
张铭恩,27442,10月3日
张铭恩,28788,10月4日
张铭恩,19203,10月5日
张铭恩,22039,10月6日
张铭恩,53225,10月7日
张铭恩,16231,10月8日
张铭恩,32008,10月9日
张铭恩,29490,10月10日
张铭恩,7005,10月11日
张铭恩,34954,10月12日
张铭恩,4794,10月13日
张铭恩,6927,10月14日
张铭恩,7724,10月15日
张铭恩,14432,10月16日
张铭恩,79097,10月17日
张铭恩,226354,10月18日
张铭恩,74671,10月19日
张铭恩,53248,10月20日
张铭恩,35706,10月21日
张铭恩,44215,10月22日
张铭恩,15082,10月23日
张铭恩,7303,10月24日
张铭恩,6981,10月25日
张铭恩,24207,10月26日
张铭恩,2784,10月27日
张铭恩,3522,10月28日
张月,8067,9月28日
张月,12564,9月29日
张月,19284,9月30日
张月,23393,10月1日
张月,63789,10月2日
张月,692072,10月3日
张月,71518,10月4日
张月,13829,10月5日
张月,18994,10月6日
张月,12425,10月7日
张月,29729,10月8日
张月,26443,10月9日
张月,85909,10月10日
张月,137512,10月11日
张月,79396,10月12日
张月,82423,10月13日
张月,15613,10月14日
张月,68517,10月15日
张月,15021,10月16日
张月,3012,10月17日
张月,8703,10月18日
张月,16133,10月19日
张月,19761,10月20日
张月,4254,10月21日
张月,4639,10月22日
张月,15953,10月23日
张月,12108,10月24日
张月,46945,10月25日
张月,7768,10月26日
张月,3268,10月27日
张月,67423,10月28日
张逸杰,5724,9月28日
张逸杰,1760,9月29日
张逸杰,436,9月30日
张逸杰,966,10月1日
张逸杰,4269,10月2日
张逸杰,18143,10月3日
张逸杰,33502,10月4日
张逸杰,1270,10月5日
张逸杰,844,10月6日
张逸杰,2300,10月7日
张逸杰,767,10月8日
张逸杰,2179,10月9日
张逸杰,611245,10月10日
张逸杰,206647,10月11日
张逸杰,50114,10月12日
张逸杰,33142,10月13日
张逸杰,8498,10月14日
张逸杰,4498,10月15日
张逸杰,1286,10月16日
张逸杰,4914,10月17日
张逸杰,5879,10月18日
张逸杰,2115,10月19日
张逸杰,946,10月20日
张逸杰,267,10月21日
张逸杰,329,10月22日
张逸杰,16083,10月23日
张逸杰,12718,10月24日
张逸杰,380039,10月25日
张逸杰,8004,10月26日
张逸杰,465950,10月27日
张逸杰,8513,10月28日
尹子维,66,9月28日
尹子维,34,9月29日
尹子维,86,9月30日
尹子维,21,10月1日
尹子维,14,10月2日
尹子维,30,10月3日
尹子维,5,10月4日
尹子维,2769,10月5日
尹子维,29819,10月6日
尹子维,23336,10月7日
尹子维,292,10月8日
尹子维,1784,10月9日
尹子维,74311,10月10日
尹子维,111500,10月11日
尹子维,36045,10月12日
尹子维,8846,10月13日
尹子维,49,10月14日
尹子维,2247,10月15日
尹子维,141,10月16日
尹子维,1083,10月17日
尹子维,324,10月18日
尹子维,182,10月19日
尹子维,27,10月20日
尹子维,2412,10月21日
尹子维,64,10月22日
尹子维,16,10月23日
尹子维,33,10月24日
尹子维,9,10月25日
尹子维,37,10月26日
尹子维,3224,10月27日
尹子维,64,10月28日
王茂蕾,8947,9月28日
王茂蕾,523,9月29日
王茂蕾,22,9月30日
王茂蕾,25,10月1日
王茂蕾,6,10月2日
王茂蕾,15,10月3日
王茂蕾,10,10月4日
王茂蕾,7,10月5日
王茂蕾,472,10月6日
王茂蕾,23,10月7日
王茂蕾,21602,10月8日
王茂蕾,1299,10月9日
王茂蕾,762,10月10日
王茂蕾,236,10月11日
王茂蕾,20,10月12日
王茂蕾,27,10月13日
王茂蕾,22,10月14日
王茂蕾,6,10月15日
王茂蕾,1189,10月16日
王茂蕾,1101,10月17日
王茂蕾,12,10月18日
王茂蕾,16,10月19日
王茂蕾,6,10月20日
王茂蕾,32,10月21日
王茂蕾,33,10月22日
王茂蕾,9,10月23日
王茂蕾,5,10月24日
王茂蕾,3,10月25日
王茂蕾,24,10月26日
王茂蕾,7657,10月27日
王茂蕾,334,10月28日
秦越,139,9月28日
秦越,74,9月29日
秦越,49,9月30日
秦越,1027,10月1日
秦越,105,10月2日
秦越,168,10月3日
秦越,135,10月4日
秦越,363,10月5日
秦越,131,10月6日
秦越,122,10月7日
秦越,25,10月8日
秦越,78,10月9日
秦越,365,10月10日
秦越,338,10月11日
秦越,7,10月12日
秦越,45,10月13日
秦越,42,10月14日
秦越,255,10月15日
秦越,419,10月16日
秦越,782,10月17日
秦越,212,10月18日
秦越,218,10月19日
秦越,35,10月20日
秦越,18,10月21日
秦越,142,10月22日
秦越,88,10月23日
秦越,2009,10月24日
秦越,22,10月25日
秦越,39,10月26日
秦越,23,10月27日
秦越,3,10月28日
李彩桦,83,9月28日
李彩桦,31069,9月29日
李彩桦,285,9月30日
李彩桦,196,10月1日
李彩桦,279,10月2日
李彩桦,66,10月3日
李彩桦,543,10月4日
李彩桦,63,10月5日
李彩桦,782350,10月6日
李彩桦,19,10月7日
李彩桦,2852,10月8日
李彩桦,78,10月9日
李彩桦,65,10月10日
李彩桦,36,10月11日
李彩桦,87,10月12日
李彩桦,92,10月13日
李彩桦,381,10月14日
李彩桦,30801,10月15日
李彩桦,2355,10月16日
李彩桦,81,10月17日
李彩桦,112,10月18日
李彩桦,344,10月19日
李彩桦,600,10月20日
李彩桦,5212,10月21日
李彩桦,5047,10月22日
李彩桦,3559,10月23日
李彩桦,22409,10月24日
李彩桦,12396,10月25日
李彩桦,8005,10月26日
李彩桦,7897,10月27日
李彩桦,432,10月28日
陈凯歌,144677,9月29日
陈凯歌,61491,9月30日
陈凯歌,24731,10月1日
陈凯歌,202344,10月2日
陈凯歌,120514,10月3日
陈凯歌,41499,10月4日
陈凯歌,14000,10月5日
陈凯歌,31600,10月6日
陈凯歌,60826,10月7日
陈凯歌,45365,10月8日
陈凯歌,43118,10月9日
陈凯歌,564516,10月10日
陈凯歌,974928,10月11日
陈凯歌,288026,10月12日
陈凯歌,108441,10月13日
陈凯歌,72854,10月14日
陈凯歌,195949,10月15日
陈凯歌,125579,10月16日
陈凯歌,367252,10月17日
陈凯歌,718522,10月18日
陈凯歌,180893,10月19日
陈凯歌,150264,10月20日
陈凯歌,100726,10月21日
陈凯歌,44981,10月22日
陈凯歌,69621,10月23日
陈凯歌,495722,10月24日
陈凯歌,1165569,10月25日
陈凯歌,338570,10月26日
陈凯歌,213140,10月27日
陈凯歌,95138,10月28日
陈凯歌,115866,10月29日
尔冬升,43877,9月29日
尔冬升,16999,9月30日
尔冬升,2684,10月1日
尔冬升,384452,10月2日
尔冬升,1916333,10月3日
尔冬升,749796,10月4日
尔冬升,101134,10月5日
尔冬升,54995,10月6日
尔冬升,81103,10月7日
尔冬升,56529,10月8日
尔冬升,61262,10月9日
尔冬升,401261,10月10日
尔冬升,785608,10月11日
尔冬升,225434,10月12日
尔冬升,183328,10月13日
尔冬升,156529,10月14日
尔冬升,197717,10月15日
尔冬升,127583,10月16日
尔冬升,543633,10月17日
尔冬升,1706855,10月18日
尔冬升,301308,10月19日
尔冬升,179874,10月20日
尔冬升,87535,10月21日
尔冬升,815850,10月22日
尔冬升,62530,10月23日
尔冬升,1014424,10月24日
尔冬升,495204,10月25日
尔冬升,587139,10月26日
尔冬升,89220,10月27日
尔冬升,60579,10月28日
尔冬升,90787,10月29日
赵薇,137452,9月29日
赵薇,91355,9月30日
赵薇,52560,10月1日
赵薇,375908,10月2日
赵薇,1090887,10月3日
赵薇,197556,10月4日
赵薇,70114,10月5日
赵薇,158422,10月6日
赵薇,101353,10月7日
赵薇,112855,10月8日
赵薇,809294,10月9日
赵薇,2094536,10月10日
赵薇,642544,10月11日
赵薇,353627,10月12日
赵薇,265698,10月13日
赵薇,211495,10月14日
赵薇,224824,10月15日
赵薇,278379,10月16日
赵薇,1310548,10月17日
赵薇,966680,10月18日
赵薇,477896,10月19日
赵薇,640990,10月20日
赵薇,234419,10月21日
赵薇,1887669,10月22日
赵薇,202405,10月23日
赵薇,226316,10月24日
赵薇,194829,10月25日
赵薇,760382,10月26日
赵薇,1213496,10月27日
赵薇,132210,10月28日
赵薇,138857,10月29日
郭敬明,93467,9月29日
郭敬明,28913,9月30日
郭敬明,9117,10月1日
郭敬明,165809,10月2日
郭敬明,189104,10月3日
郭敬明,70202,10月4日
郭敬明,38036,10月5日
郭敬明,23732,10月6日
郭敬明,40929,10月7日
郭敬明,66306,10月8日
郭敬明,53616,10月9日
郭敬明,1982423,10月10日
郭敬明,3754794,10月11日
郭敬明,755273,10月12日
郭敬明,566800,10月13日
郭敬明,333131,10月14日
郭敬明,1590416,10月15日
郭敬明,375527,10月16日
郭敬明,832512,10月17日
郭敬明,797837,10月18日
郭敬明,287824,10月19日
郭敬明,158828,10月20日
郭敬明,118723,10月21日
郭敬明,72548,10月22日
郭敬明,133585,10月23日
郭敬明,378738,10月24日
郭敬明,461292,10月25日
郭敬明,167349,10月26日
郭敬明,87257,10月27日
郭敬明,58812,10月28日
郭敬明,52296,10月29日
大鹏,19469,9月29日
大鹏,27871,9月30日
大鹏,10107,10月1日
大鹏,90227,10月2日
大鹏,200003,10月3日
大鹏,14362,10月4日
大鹏,14488,10月5日
大鹏,17753,10月6日
大鹏,11734,10月7日
大鹏,37250,10月8日
大鹏,24733,10月9日
大鹏,335656,10月10日
大鹏,691823,10月11日
大鹏,188951,10月12日
大鹏,77468,10月13日
大鹏,90194,10月14日
大鹏,171971,10月15日
大鹏,62283,10月16日
大鹏,89705,10月17日
大鹏,82524,10月18日
大鹏,71791,10月19日
大鹏,50801,10月20日
大鹏,24639,10月21日
大鹏,96287,10月22日
大鹏,65245,10月23日
大鹏,51004,10月24日
大鹏,243872,10月25日
大鹏,39232,10月26日
大鹏,165970,10月27日
大鹏,31310,10月28日
大鹏,25802,10月29日
小彩旗,722,9月29日
小彩旗,1227,9月30日
小彩旗,16511,10月1日
小彩旗,159508,10月2日
小彩旗,281064,10月3日
小彩旗,25234,10月4日
小彩旗,8665,10月5日
小彩旗,14510,10月6日
小彩旗,9328,10月7日
小彩旗,9180,10月8日
小彩旗,852,10月9日
小彩旗,5559,10月10日
小彩旗,7264,10月11日
小彩旗,1522,10月12日
小彩旗,5309,10月13日
小彩旗,542,10月14日
小彩旗,3269,10月15日
小彩旗,200,10月16日
小彩旗,1219,10月17日
小彩旗,5804,10月18日
小彩旗,1607,10月19日
小彩旗,1107,10月20日
小彩旗,2671,10月21日
小彩旗,7552,10月22日
小彩旗,998,10月23日
小彩旗,15339,10月24日
小彩旗,23482,10月25日
小彩旗,25454,10月26日
小彩旗,6728,10月27日
小彩旗,10358,10月28日
小彩旗,1890,10月29日
曹骏,12580,9月29日
曹骏,2164,9月30日
曹骏,801,10月1日
曹骏,9336,10月2日
曹骏,9333,10月3日
曹骏,5880,10月4日
曹骏,5473,10月5日
曹骏,21852,10月6日
曹骏,2406,10月7日
曹骏,1350,10月8日
曹骏,7761,10月9日
曹骏,7049,10月10日
曹骏,1167,10月11日
曹骏,3844,10月12日
曹骏,380,10月13日
曹骏,161,10月14日
曹骏,7993,10月15日
曹骏,14537,10月16日
曹骏,283388,10月17日
曹骏,1162644,10月18日
曹骏,133005,10月19日
曹骏,56805,10月20日
曹骏,50967,10月21日
曹骏,855845,10月22日
曹骏,63995,10月23日
曹骏,354370,10月24日
曹骏,257054,10月25日
曹骏,57640,10月26日
曹骏,71336,10月27日
曹骏,52237,10月28日
曹骏,51084,10月29日
丁程鑫,331144,9月29日
丁程鑫,220502,9月30日
丁程鑫,684493,10月1日
丁程鑫,3258777,10月2日
丁程鑫,2945537,10月3日
丁程鑫,1093234,10月4日
丁程鑫,585431,10月5日
丁程鑫,868115,10月6日
丁程鑫,446744,10月7日
丁程鑫,308517,10月8日
丁程鑫,678697,10月9日
丁程鑫,2291776,10月10日
丁程鑫,1379764,10月11日
丁程鑫,707662,10月12日
丁程鑫,971514,10月13日
丁程鑫,348708,10月14日
丁程鑫,447873,10月15日
丁程鑫,429579,10月16日
丁程鑫,4512966,10月17日
丁程鑫,738146,10月18日
丁程鑫,401758,10月19日
丁程鑫,558801,10月20日
丁程鑫,412449,10月21日
丁程鑫,849710,10月22日
丁程鑫,602516,10月23日
丁程鑫,1837092,10月24日
丁程鑫,474224,10月25日
丁程鑫,626672,10月26日
丁程鑫,818343,10月27日
丁程鑫,571132,10月28日
丁程鑫,598811,10月29日
费启鸣,24442,9月29日
费启鸣,10394,9月30日
费启鸣,17126,10月1日
费启鸣,73170,10月2日
费启鸣,23991,10月3日
费启鸣,6101,10月4日
费启鸣,3629,10月5日
费启鸣,8424,10月6日
费启鸣,36006,10月7日
费启鸣,4261,10月8日
费启鸣,5472,10月9日
费启鸣,76109,10月10日
费启鸣,223888,10月11日
费启鸣,81886,10月12日
费启鸣,27695,10月13日
费启鸣,12086,10月14日
费启鸣,14115,10月15日
费启鸣,19766,10月16日
费启鸣,233413,10月17日
费启鸣,33607,10月18日
费启鸣,9714,10月19日
费启鸣,54141,10月20日
费启鸣,18249,10月21日
费启鸣,6645,10月22日
费启鸣,62703,10月23日
费启鸣,15362,10月24日
费启鸣,14521,10月25日
费启鸣,8970,10月26日
费启鸣,13559,10月27日
费启鸣,7349,10月28日
费启鸣,9517,10月29日
郭晓婷,7704,9月29日
郭晓婷,196014,9月30日
郭晓婷,10406,10月1日
郭晓婷,11327,10月2日
郭晓婷,28228,10月3日
郭晓婷,15206,10月4日
郭晓婷,793,10月5日
郭晓婷,1951,10月6日
郭晓婷,25378,10月7日
郭晓婷,23553,10月8日
郭晓婷,14692,10月9日
郭晓婷,523,10月10日
郭晓婷,14092,10月11日
郭晓婷,13295,10月12日
郭晓婷,9376,10月13日
郭晓婷,3753,10月14日
郭晓婷,6504,10月15日
郭晓婷,14009,10月16日
郭晓婷,99625,10月17日
郭晓婷,71145,10月18日
郭晓婷,31978,10月19日
郭晓婷,29413,10月20日
郭晓婷,24894,10月21日
郭晓婷,5063,10月22日
郭晓婷,23300,10月23日
郭晓婷,20325,10月24日
郭晓婷,53788,10月25日
郭晓婷,18873,10月26日
郭晓婷,11238,10月27日
郭晓婷,18253,10月28日
郭晓婷,9341,10月29日
贺开朗,13,9月29日
贺开朗,38,9月30日
贺开朗,0,10月1日
贺开朗,6384,10月2日
贺开朗,2403,10月3日
贺开朗,322,10月4日
贺开朗,335,10月5日
贺开朗,202,10月6日
贺开朗,84,10月7日
贺开朗,692,10月8日
贺开朗,159,10月9日
贺开朗,95149,10月10日
贺开朗,32831,10月11日
贺开朗,2797,10月12日
贺开朗,4113,10月13日
贺开朗,506,10月14日
贺开朗,25525,10月15日
贺开朗,3634,10月16日
贺开朗,13314,10月17日
贺开朗,421,10月18日
贺开朗,189,10月19日
贺开朗,120,10月20日
贺开朗,111,10月21日
贺开朗,72,10月22日
贺开朗,1370,10月23日
贺开朗,5755,10月24日
贺开朗,287,10月25日
贺开朗,435,10月26日
贺开朗,250,10月27日
贺开朗,61613,10月28日
贺开朗,16301,10月29日
黄璐,760,9月29日
黄璐,835,9月30日
黄璐,51,10月1日
黄璐,11489,10月2日
黄璐,7325,10月3日
黄璐,374,10月4日
黄璐,16856,10月5日
黄璐,11933,10月6日
黄璐,4980,10月7日
黄璐,17189,10月8日
黄璐,3014,10月9日
黄璐,22803,10月10日
黄璐,21897,10月11日
黄璐,48520,10月12日
黄璐,44098,10月13日
黄璐,1941,10月14日
黄璐,13554,10月15日
黄璐,302,10月16日
黄璐,2145,10月17日
黄璐,3525,10月18日
黄璐,841,10月19日
黄璐,1321,10月20日
黄璐,53,10月21日
黄璐,7347,10月22日
黄璐,15123,10月23日
黄璐,15700,10月24日
黄璐,8286,10月25日
黄璐,38911,10月26日
黄璐,4787,10月27日
黄璐,982,10月28日
黄璐,65,10月29日
黄梦莹,7183,9月29日
黄梦莹,8241,9月30日
黄梦莹,14776,10月1日
黄梦莹,29052,10月2日
黄梦莹,6154,10月3日
黄梦莹,13121,10月4日
黄梦莹,1979,10月5日
黄梦莹,29260,10月6日
黄梦莹,2763,10月7日
黄梦莹,3862,10月8日
黄梦莹,457,10月9日
黄梦莹,2572,10月10日
黄梦莹,2662,10月11日
黄梦莹,2328,10月12日
黄梦莹,757,10月13日
黄梦莹,651,10月14日
黄梦莹,2402,10月15日
黄梦莹,11268,10月16日
黄梦莹,183463,10月17日
黄梦莹,394783,10月18日
黄梦莹,73303,10月19日
黄梦莹,15712,10月20日
黄梦莹,30424,10月21日
黄梦莹,7452,10月22日
黄梦莹,47171,10月23日
黄梦莹,43310,10月24日
黄梦莹,61282,10月25日
黄梦莹,12287,10月26日
黄梦莹,28032,10月27日
黄梦莹,10477,10月28日
黄梦莹,4357,10月29日
胡杏儿,9723,9月29日
胡杏儿,32880,9月30日
胡杏儿,35538,10月1日
胡杏儿,24870,10月2日
胡杏儿,35735,10月3日
胡杏儿,9579,10月4日
胡杏儿,6402,10月5日
胡杏儿,8826,10月6日
胡杏儿,14502,10月7日
胡杏儿,32343,10月8日
胡杏儿,36767,10月9日
胡杏儿,276312,10月10日
胡杏儿,335359,10月11日
胡杏儿,208204,10月12日
胡杏儿,92599,10月13日
胡杏儿,21832,10月14日
胡杏儿,62421,10月15日
胡杏儿,93168,10月16日
胡杏儿,31768,10月17日
胡杏儿,61874,10月18日
胡杏儿,37304,10月19日
胡杏儿,77177,10月20日
胡杏儿,45201,10月21日
胡杏儿,25128,10月22日
胡杏儿,64547,10月23日
胡杏儿,210974,10月24日
胡杏儿,723903,10月25日
胡杏儿,139682,10月26日
胡杏儿,51632,10月27日
胡杏儿,99595,10月28日
胡杏儿,53832,10月29日
黄奕,64487,9月29日
黄奕,23878,9月30日
黄奕,1955,10月1日
黄奕,36872,10月2日
黄奕,71861,10月3日
黄奕,35999,10月4日
黄奕,28142,10月5日
黄奕,35493,10月6日
黄奕,62968,10月7日
黄奕,48785,10月8日
黄奕,21073,10月9日
黄奕,774463,10月10日
黄奕,2450945,10月11日
黄奕,587117,10月12日
黄奕,157605,10月13日
黄奕,69245,10月14日
黄奕,123984,10月15日
黄奕,98576,10月16日
黄奕,43327,10月17日
黄奕,79314,10月18日
黄奕,35807,10月19日
黄奕,42495,10月20日
黄奕,73424,10月21日
黄奕,133240,10月22日
黄奕,61629,10月23日
黄奕,752965,10月24日
黄奕,968534,10月25日
黄奕,168203,10月26日
黄奕,107593,10月27日
黄奕,66816,10月28日
黄奕,27887,10月29日
辣目洋子,3991,9月29日
辣目洋子,392603,9月30日
辣目洋子,66064,10月1日
辣目洋子,70217,10月2日
辣目洋子,43195,10月3日
辣目洋子,15876,10月4日
辣目洋子,7796,10月5日
辣目洋子,4493,10月6日
辣目洋子,2966,10月7日
辣目洋子,23452,10月8日
辣目洋子,11210,10月9日
辣目洋子,292083,10月10日
辣目洋子,1256737,10月11日
辣目洋子,193632,10月12日
辣目洋子,109972,10月13日
辣目洋子,23400,10月14日
辣目洋子,28899,10月15日
辣目洋子,21418,10月16日
辣目洋子,19183,10月17日
辣目洋子,94764,10月18日
辣目洋子,20114,10月19日
辣目洋子,18254,10月20日
辣目洋子,7923,10月21日
辣目洋子,25373,10月22日
辣目洋子,53699,10月23日
辣目洋子,100682,10月24日
辣目洋子,748544,10月25日
辣目洋子,43628,10月26日
辣目洋子,42376,10月27日
辣目洋子,73539,10月28日
辣目洋子,35051,10月29日
刘芮麟,3787,9月29日
刘芮麟,6080,9月30日
刘芮麟,2661,10月1日
刘芮麟,10249,10月2日
刘芮麟,3821,10月3日
刘芮麟,454,10月4日
刘芮麟,435,10月5日
刘芮麟,5792,10月6日
刘芮麟,13783,10月7日
刘芮麟,248,10月8日
刘芮麟,385,10月9日
刘芮麟,29234,10月10日
刘芮麟,3992,10月11日
刘芮麟,24053,10月12日
刘芮麟,589,10月13日
刘芮麟,406,10月14日
刘芮麟,3876,10月15日
刘芮麟,12533,10月16日
刘芮麟,448,10月17日
刘芮麟,255,10月18日
刘芮麟,4849,10月19日
刘芮麟,286,10月20日
刘芮麟,275,10月21日
刘芮麟,1506,10月22日
刘芮麟,15134,10月23日
刘芮麟,5703,10月24日
刘芮麟,22412,10月25日
刘芮麟,713,10月26日
刘芮麟,369,10月27日
刘芮麟,224247,10月28日
刘芮麟,20801,10月29日
李溪芮,5881,9月29日
李溪芮,3825,9月30日
李溪芮,2753,10月1日
李溪芮,79517,10月2日
李溪芮,124631,10月3日
李溪芮,11953,10月4日
李溪芮,8149,10月5日
李溪芮,4919,10月6日
李溪芮,15442,10月7日
李溪芮,6204,10月8日
李溪芮,312374,10月9日
李溪芮,22462,10月10日
李溪芮,7777,10月11日
李溪芮,32918,10月12日
李溪芮,87706,10月13日
李溪芮,17099,10月14日
李溪芮,10586,10月15日
李溪芮,26085,10月16日
李溪芮,1070378,10月17日
李溪芮,1304148,10月18日
李溪芮,119040,10月19日
李溪芮,58924,10月20日
李溪芮,35192,10月21日
李溪芮,30169,10月22日
李溪芮,29169,10月23日
李溪芮,19226,10月24日
李溪芮,674987,10月25日
李溪芮,80590,10月26日
李溪芮,15436,10月27日
李溪芮,48629,10月28日
李溪芮,7475,10月29日
娄艺潇,6465,9月29日
娄艺潇,12664,9月30日
娄艺潇,4098,10月1日
娄艺潇,52293,10月2日
娄艺潇,26108,10月3日
娄艺潇,48118,10月4日
娄艺潇,24840,10月5日
娄艺潇,15382,10月6日
娄艺潇,341815,10月7日
娄艺潇,74983,10月8日
娄艺潇,22922,10月9日
娄艺潇,16591,10月10日
娄艺潇,18826,10月11日
娄艺潇,49195,10月12日
娄艺潇,61116,10月13日
娄艺潇,11948,10月14日
娄艺潇,46310,10月15日
娄艺潇,37468,10月16日
娄艺潇,205421,10月17日
娄艺潇,412040,10月18日
娄艺潇,57738,10月19日
娄艺潇,66141,10月20日
娄艺潇,37651,10月21日
娄艺潇,19423,10月22日
娄艺潇,82145,10月23日
娄艺潇,50798,10月24日
娄艺潇,19202,10月25日
娄艺潇,472540,10月26日
娄艺潇,66982,10月27日
娄艺潇,48586,10月28日
娄艺潇,28533,10月29日
李智楠,1357,9月29日
李智楠,333,9月30日
李智楠,330,10月1日
李智楠,13129,10月2日
李智楠,1718,10月3日
李智楠,255,10月4日
李智楠,79,10月5日
李智楠,119,10月6日
李智楠,177,10月7日
李智楠,28792,10月8日
李智楠,23920,10月9日
李智楠,5236,10月10日
李智楠,638,10月11日
李智楠,1510,10月12日
李智楠,74,10月13日
李智楠,34,10月14日
李智楠,56,10月15日
李智楠,6394,10月16日
李智楠,65142,10月17日
李智楠,56818,10月18日
李智楠,29611,10月19日
李智楠,15448,10月20日
李智楠,3887,10月21日
李智楠,6536,10月22日
李智楠,7565,10月23日
李智楠,6117,10月24日
李智楠,2697,10月25日
李智楠,14512,10月26日
李智楠,980,10月27日
李智楠,138,10月28日
李智楠,1111,10月29日
马伯骞,231900,9月29日
马伯骞,193960,9月30日
马伯骞,20836,10月1日
马伯骞,146819,10月2日
马伯骞,33718,10月3日
马伯骞,6534,10月4日
马伯骞,13157,10月5日
马伯骞,21017,10月6日
马伯骞,4685,10月7日
马伯骞,9599,10月8日
马伯骞,25594,10月9日
马伯骞,168921,10月10日
马伯骞,171946,10月11日
马伯骞,71285,10月12日
马伯骞,62130,10月13日
马伯骞,33780,10月14日
马伯骞,102917,10月15日
马伯骞,272900,10月16日
马伯骞,61595,10月17日
马伯骞,29648,10月18日
马伯骞,58089,10月19日
马伯骞,21954,10月20日
马伯骞,53694,10月21日
马伯骞,56807,10月22日
马伯骞,61114,10月23日
马伯骞,58760,10月24日
马伯骞,133489,10月25日
马伯骞,82156,10月26日
马伯骞,44685,10月27日
马伯骞,386953,10月28日
马伯骞,89492,10月29日
马苏,16590,9月29日
马苏,37526,9月30日
马苏,17952,10月1日
马苏,123284,10月2日
马苏,931842,10月3日
马苏,279543,10月4日
马苏,64479,10月5日
马苏,38809,10月6日
马苏,73488,10月7日
马苏,58474,10月8日
马苏,40044,10月9日
马苏,121185,10月10日
马苏,73648,10月11日
马苏,65451,10月12日
马苏,31573,10月13日
马苏,27998,10月14日
马苏,61292,10月15日
马苏,17376,10月16日
马苏,25963,10月17日
马苏,28169,10月18日
马苏,37354,10月19日
马苏,35036,10月20日
马苏,23652,10月21日
马苏,14070,10月22日
马苏,12039,10月23日
马苏,70097,10月24日
马苏,102524,10月25日
马苏,71040,10月26日
马苏,52933,10月27日
马苏,26005,10月28日
马苏,34255,10月29日
孟子义,26979,9月29日
孟子义,31170,9月30日
孟子义,6871,10月1日
孟子义,47819,10月2日
孟子义,10060,10月3日
孟子义,18192,10月4日
孟子义,14096,10月5日
孟子义,2182,10月6日
孟子义,9232,10月7日
孟子义,6577,10月8日
孟子义,7718,10月9日
孟子义,8906,10月10日
孟子义,7049,10月11日
孟子义,30256,10月12日
孟子义,9591,10月13日
孟子义,3251,10月14日
孟子义,2948,10月15日
孟子义,11150,10月16日
孟子义,814596,10月17日
孟子义,297485,10月18日
孟子义,85355,10月19日
孟子义,20042,10月20日
孟子义,22442,10月21日
孟子义,9640,10月22日
孟子义,6965,10月23日
孟子义,27336,10月24日
孟子义,62731,10月25日
孟子义,16534,10月26日
孟子义,21076,10月27日
孟子义,37181,10月28日
孟子义,17018,10月29日
倪虹洁,2927,9月29日
倪虹洁,268390,9月30日
倪虹洁,4283,10月1日
倪虹洁,69572,10月2日
倪虹洁,301396,10月3日
倪虹洁,1331254,10月4日
倪虹洁,75671,10月5日
倪虹洁,26789,10月6日
倪虹洁,65648,10月7日
倪虹洁,44408,10月8日
倪虹洁,3851,10月9日
倪虹洁,24236,10月10日
倪虹洁,16430,10月11日
倪虹洁,7293,10月12日
倪虹洁,6685,10月13日
倪虹洁,2618,10月14日
倪虹洁,200898,10月15日
倪虹洁,17710,10月16日
倪虹洁,8365,10月17日
倪虹洁,18902,10月18日
倪虹洁,10166,10月19日
倪虹洁,5117,10月20日
倪虹洁,4033,10月21日
倪虹洁,33979,10月22日
倪虹洁,47805,10月23日
倪虹洁,134137,10月24日
倪虹洁,156167,10月25日
倪虹洁,61201,10月26日
倪虹洁,33349,10月27日
倪虹洁,6326,10月28日
倪虹洁,7851,10月29日
任敏,12676,9月29日
任敏,248718,9月30日
任敏,14828,10月1日
任敏,355410,10月2日
任敏,223394,10月3日
任敏,80777,10月4日
任敏,51645,10月5日
任敏,17476,10月6日
任敏,39750,10月7日
任敏,1563794,10月8日
任敏,34031,10月9日
任敏,25291,10月10日
任敏,26355,10月11日
任敏,24496,10月12日
任敏,35633,10月13日
任敏,13360,10月14日
任敏,12439,10月15日
任敏,9286,10月16日
任敏,183819,10月17日
任敏,47689,10月18日
任敏,27220,10月19日
任敏,22132,10月20日
任敏,7651,10月21日
任敏,12563,10月22日
任敏,24962,10月23日
任敏,60463,10月24日
任敏,68268,10月25日
任敏,82751,10月26日
任敏,66209,10月27日
任敏,122077,10月28日
任敏,34263,10月29日
孙千,4381,9月29日
孙千,1501,9月30日
孙千,6167,10月1日
孙千,60036,10月2日
孙千,4644,10月3日
孙千,1895,10月4日
孙千,3813,10月5日
孙千,1478,10月6日
孙千,4595,10月7日
孙千,16935,10月8日
孙千,10185,10月9日
孙千,26707,10月10日
孙千,4039,10月11日
孙千,5487,10月12日
孙千,1156,10月13日
孙千,1665,10月14日
孙千,2683,10月15日
孙千,7672,10月16日
孙千,214777,10月17日
孙千,414080,10月18日
孙千,98902,10月19日
孙千,33884,10月20日
孙千,14162,10月21日
孙千,12902,10月22日
孙千,21352,10月23日
孙千,47783,10月24日
孙千,82777,10月25日
孙千,18789,10月26日
孙千,22430,10月27日
孙千,11923,10月28日
孙千,13197,10月29日
孙阳,401,9月29日
孙阳,23,9月30日
孙阳,42,10月1日
孙阳,7742,10月2日
孙阳,722,10月3日
孙阳,345,10月4日
孙阳,122,10月5日
孙阳,101,10月6日
孙阳,152,10月7日
孙阳,592,10月8日
孙阳,115,10月9日
孙阳,249,10月10日
孙阳,683,10月11日
孙阳,1629,10月12日
孙阳,282,10月13日
孙阳,245,10月14日
孙阳,70,10月15日
孙阳,6361,10月16日
孙阳,44390,10月17日
孙阳,37360,10月18日
孙阳,18730,10月19日
孙阳,672,10月20日
孙阳,1209,10月21日
孙阳,216,10月22日
孙阳,12406,10月23日
孙阳,67308,10月24日
孙阳,43961,10月25日
孙阳,15280,10月26日
孙阳,14351,10月27日
孙阳,13498,10月28日
孙阳,7166,10月29日
唐一菲,5076,9月29日
唐一菲,5140,9月30日
唐一菲,422,10月1日
唐一菲,13025,10月2日
唐一菲,650122,10月3日
唐一菲,348799,10月4日
唐一菲,46149,10月5日
唐一菲,14888,10月6日
唐一菲,2086,10月7日
唐一菲,16729,10月8日
唐一菲,5969,10月9日
唐一菲,14481,10月10日
唐一菲,3703,10月11日
唐一菲,12969,10月12日
唐一菲,14991,10月13日
唐一菲,4576,10月14日
唐一菲,634738,10月15日
唐一菲,55901,10月16日
唐一菲,305997,10月17日
唐一菲,277608,10月18日
唐一菲,129247,10月19日
唐一菲,49547,10月20日
唐一菲,23708,10月21日
唐一菲,45400,10月22日
唐一菲,92206,10月23日
唐一菲,440050,10月24日
唐一菲,873600,10月25日
唐一菲,115982,10月26日
唐一菲,49587,10月27日
唐一菲,45802,10月28日
唐一菲,12734,10月29日
陈宥维,111320,9月29日
陈宥维,243668,9月30日
陈宥维,100634,10月1日
陈宥维,701435,10月2日
陈宥维,992420,10月3日
陈宥维,179744,10月4日
陈宥维,955449,10月5日
陈宥维,390303,10月6日
陈宥维,225757,10月7日
陈宥维,76950,10月8日
陈宥维,50377,10月9日
陈宥维,52641,10月10日
陈宥维,49104,10月11日
陈宥维,90045,10月12日
陈宥维,342524,10月13日
陈宥维,132934,10月14日
陈宥维,64934,10月15日
陈宥维,41916,10月16日
陈宥维,149233,10月17日
陈宥维,133152,10月18日
陈宥维,147400,10月19日
陈宥维,15035,10月20日
陈宥维,77161,10月21日
陈宥维,16440,10月22日
陈宥维,46005,10月23日
陈宥维,73948,10月24日
陈宥维,166158,10月25日
陈宥维,65712,10月26日
陈宥维,109020,10月27日
陈宥维,161888,10月28日
陈宥维,62434,10月29日
何昶希,50804,9月29日
何昶希,132123,9月30日
何昶希,21635,10月1日
何昶希,417763,10月2日
何昶希,63098,10月3日
何昶希,38307,10月4日
何昶希,124519,10月5日
何昶希,152095,10月6日
何昶希,37575,10月7日
何昶希,36841,10月8日
何昶希,23749,10月9日
何昶希,1472564,10月10日
何昶希,1605951,10月11日
何昶希,185727,10月12日
何昶希,160922,10月13日
何昶希,77520,10月14日
何昶希,191035,10月15日
何昶希,175222,10月16日
何昶希,401881,10月17日
何昶希,221439,10月18日
何昶希,119141,10月19日
何昶希,18387,10月20日
何昶希,34607,10月21日
何昶希,9825,10月22日
何昶希,33564,10月23日
何昶希,30964,10月24日
何昶希,78072,10月25日
何昶希,49112,10月26日
何昶希,38039,10月27日
何昶希,84732,10月28日
何昶希,29340,10月29日
王莎莎,3925,9月29日
王莎莎,1602329,9月30日
王莎莎,528,10月1日
王莎莎,20947,10月2日
王莎莎,8027,10月3日
王莎莎,34619,10月4日
王莎莎,5132,10月5日
王莎莎,6224,10月6日
王莎莎,1117,10月7日
王莎莎,22878,10月8日
王莎莎,1541,10月9日
王莎莎,2618,10月10日
王莎莎,1125,10月11日
王莎莎,1521,10月12日
王莎莎,1579,10月13日
王莎莎,64,10月14日
王莎莎,68,10月15日
王莎莎,7405,10月16日
王莎莎,174845,10月17日
王莎莎,237719,10月18日
王莎莎,50079,10月19日
王莎莎,36634,10月20日
王莎莎,25332,10月21日
王莎莎,23643,10月22日
王莎莎,49076,10月23日
王莎莎,22069,10月24日
王莎莎,6016,10月25日
王莎莎,21359,10月26日
王莎莎,3308,10月27日
王莎莎,1100,10月28日
王莎莎,3880,10月29日
王智,5306,9月29日
王智,10502,9月30日
王智,2834,10月1日
王智,35395,10月2日
王智,42359,10月3日
王智,5650,10月4日
王智,923,10月5日
王智,20916,10月6日
王智,6197,10月7日
王智,11768,10月8日
王智,22497,10月9日
王智,14375,10月10日
王智,5931,10月11日
王智,2054,10月12日
王智,6741,10月13日
王智,6684,10月14日
王智,24486,10月15日
王智,11241,10月16日
王智,489,10月17日
王智,7419,10月18日
王智,2806,10月19日
王智,906,10月20日
王智,7880,10月21日
王智,88598,10月22日
王智,6549,10月23日
王智,26232,10月24日
王智,27899,10月25日
王智,19978,10月26日
王智,5989,10月27日
王智,16124,10月28日
王智,7512,10月29日
温峥嵘,26422,9月29日
温峥嵘,14428,9月30日
温峥嵘,7118,10月1日
温峥嵘,42225,10月2日
温峥嵘,133543,10月3日
温峥嵘,52554,10月4日
温峥嵘,10594,10月5日
温峥嵘,5756,10月6日
温峥嵘,16105,10月7日
温峥嵘,63619,10月8日
温峥嵘,42198,10月9日
温峥嵘,8410,10月10日
温峥嵘,13131,10月11日
温峥嵘,11098,10月12日
温峥嵘,1427,10月13日
温峥嵘,1988,10月14日
温峥嵘,6489,10月15日
温峥嵘,6895,10月16日
温峥嵘,338126,10月17日
温峥嵘,220187,10月18日
温峥嵘,73484,10月19日
温峥嵘,40111,10月20日
温峥嵘,21515,10月21日
温峥嵘,17293,10月22日
温峥嵘,47677,10月23日
温峥嵘,21717,10月24日
温峥嵘,26796,10月25日
温峥嵘,24897,10月26日
温峥嵘,6117,10月27日
温峥嵘,39591,10月28日
温峥嵘,30051,10月29日
晏紫东,6858,9月29日
晏紫东,13026,9月30日
晏紫东,17871,10月1日
晏紫东,224472,10月2日
晏紫东,494196,10月3日
晏紫东,14034,10月4日
晏紫东,16861,10月5日
晏紫东,24471,10月6日
晏紫东,6066,10月7日
晏紫东,2600,10月8日
晏紫东,24918,10月9日
晏紫东,6414,10月10日
晏紫东,88456,10月11日
晏紫东,5011,10月12日
晏紫东,7509,10月13日
晏紫东,4719,10月14日
晏紫东,4580,10月15日
晏紫东,1189,10月16日
晏紫东,2148,10月17日
晏紫东,8189,10月18日
晏紫东,2141,10月19日
晏紫东,1036,10月20日
晏紫东,887,10月21日
晏紫东,1195,10月22日
晏紫东,5289,10月23日
晏紫东,72332,10月24日
晏紫东,44769,10月25日
晏紫东,28281,10月26日
晏紫东,9337,10月27日
晏紫东,23082,10月28日
晏紫东,73521,10月29日
杨志刚,1292,9月29日
杨志刚,621,9月30日
杨志刚,1127,10月1日
杨志刚,22400,10月2日
杨志刚,15535,10月3日
杨志刚,3069,10月4日
杨志刚,6211,10月5日
杨志刚,2533,10月6日
杨志刚,8226,10月7日
杨志刚,19244,10月8日
杨志刚,878,10月9日
杨志刚,2059,10月10日
杨志刚,9464,10月11日
杨志刚,3341,10月12日
杨志刚,4984,10月13日
杨志刚,1463,10月14日
杨志刚,16627,10月15日
杨志刚,23975,10月16日
杨志刚,122506,10月17日
杨志刚,424682,10月18日
杨志刚,122750,10月19日
杨志刚,105710,10月20日
杨志刚,43228,10月21日
杨志刚,18913,10月22日
杨志刚,55642,10月23日
杨志刚,101042,10月24日
杨志刚,182810,10月25日
杨志刚,105533,10月26日
杨志刚,331845,10月27日
杨志刚,50532,10月28日
杨志刚,11971,10月29日
张大大,27143,9月29日
张大大,16410,9月30日
张大大,6693,10月1日
张大大,185350,10月2日
张大大,1355504,10月3日
张大大,159972,10月4日
张大大,21951,10月5日
张大大,37033,10月6日
张大大,74334,10月7日
张大大,63454,10月8日
张大大,53944,10月9日
张大大,56914,10月10日
张大大,1144426,10月11日
张大大,69997,10月12日
张大大,180973,10月13日
张大大,24538,10月14日
张大大,711699,10月15日
张大大,434977,10月16日
张大大,172019,10月17日
张大大,61798,10月18日
张大大,58344,10月19日
张大大,7329,10月20日
张大大,5545,10月21日
张大大,20989,10月22日
张大大,58525,10月23日
张大大,488940,10月24日
张大大,153302,10月25日
张大大,55228,10月26日
张大大,1031088,10月27日
张大大,16772,10月28日
张大大,28581,10月29日
张海宇,53,9月29日
张海宇,40,9月30日
张海宇,94,10月1日
张海宇,8232,10月2日
张海宇,182,10月3日
张海宇,186,10月4日
张海宇,42,10月5日
张海宇,182,10月6日
张海宇,34,10月7日
张海宇,659,10月8日
张海宇,3025,10月9日
张海宇,98,10月10日
张海宇,153,10月11日
张海宇,1658,10月12日
张海宇,28,10月13日
张海宇,49,10月14日
张海宇,879,10月15日
张海宇,10391,10月16日
张海宇,187300,10月17日
张海宇,143809,10月18日
张海宇,17099,10月19日
张海宇,24652,10月20日
张海宇,14755,10月21日
张海宇,2692,10月22日
张海宇,15824,10月23日
张海宇,16976,10月24日
张海宇,5418,10月25日
张海宇,846,10月26日
张海宇,206,10月27日
张海宇,920,10月28日
张海宇,236,10月29日
张铭恩,40553,9月29日
张铭恩,18345,9月30日
张铭恩,3032,10月1日
张铭恩,47724,10月2日
张铭恩,27442,10月3日
张铭恩,28788,10月4日
张铭恩,19203,10月5日
张铭恩,22039,10月6日
张铭恩,53225,10月7日
张铭恩,16231,10月8日
张铭恩,32008,10月9日
张铭恩,29490,10月10日
张铭恩,7005,10月11日
张铭恩,34954,10月12日
张铭恩,4794,10月13日
张铭恩,6927,10月14日
张铭恩,7724,10月15日
张铭恩,14432,10月16日
张铭恩,79097,10月17日
张铭恩,226354,10月18日
张铭恩,74671,10月19日
张铭恩,53248,10月20日
张铭恩,35706,10月21日
张铭恩,44215,10月22日
张铭恩,15082,10月23日
张铭恩,7303,10月24日
张铭恩,6981,10月25日
张铭恩,24207,10月26日
张铭恩,2784,10月27日
张铭恩,3522,10月28日
张铭恩,3915,10月29日
张月,12564,9月29日
张月,19284,9月30日
张月,23393,10月1日
张月,63789,10月2日
张月,692072,10月3日
张月,71518,10月4日
张月,13829,10月5日
张月,18994,10月6日
张月,12425,10月7日
张月,29729,10月8日
张月,26443,10月9日
张月,85909,10月10日
张月,137512,10月11日
张月,79396,10月12日
张月,82423,10月13日
张月,15613,10月14日
张月,68517,10月15日
张月,15021,10月16日
张月,3012,10月17日
张月,8703,10月18日
张月,16133,10月19日
张月,19761,10月20日
张月,4254,10月21日
张月,4639,10月22日
张月,15953,10月23日
张月,12108,10月24日
张月,46945,10月25日
张月,7768,10月26日
张月,3268,10月27日
张月,67423,10月28日
张月,22333,10月29日
张逸杰,1760,9月29日
张逸杰,436,9月30日
张逸杰,966,10月1日
张逸杰,4269,10月2日
张逸杰,18143,10月3日
张逸杰,33502,10月4日
张逸杰,1270,10月5日
张逸杰,844,10月6日
张逸杰,2300,10月7日
张逸杰,767,10月8日
张逸杰,2179,10月9日
张逸杰,611245,10月10日
张逸杰,206647,10月11日
张逸杰,50114,10月12日
张逸杰,33142,10月13日
张逸杰,8498,10月14日
张逸杰,4498,10月15日
张逸杰,1286,10月16日
张逸杰,4914,10月17日
张逸杰,5879,10月18日
张逸杰,2115,10月19日
张逸杰,946,10月20日
张逸杰,267,10月21日
张逸杰,329,10月22日
张逸杰,16083,10月23日
张逸杰,12718,10月24日
张逸杰,380039,10月25日
张逸杰,8004,10月26日
张逸杰,465950,10月27日
张逸杰,8513,10月28日
张逸杰,1133,10月29日
尹子维,34,9月29日
尹子维,86,9月30日
尹子维,21,10月1日
尹子维,14,10月2日
尹子维,30,10月3日
尹子维,5,10月4日
尹子维,2769,10月5日
尹子维,29819,10月6日
尹子维,23336,10月7日
尹子维,292,10月8日
尹子维,1784,10月9日
尹子维,74311,10月10日
尹子维,111500,10月11日
尹子维,36045,10月12日
尹子维,8846,10月13日
尹子维,49,10月14日
尹子维,2247,10月15日
尹子维,141,10月16日
尹子维,1083,10月17日
尹子维,324,10月18日
尹子维,182,10月19日
尹子维,27,10月20日
尹子维,2412,10月21日
尹子维,64,10月22日
尹子维,16,10月23日
尹子维,33,10月24日
尹子维,9,10月25日
尹子维,37,10月26日
尹子维,3224,10月27日
尹子维,64,10月28日
尹子维,22,10月29日
王茂蕾,523,9月29日
王茂蕾,22,9月30日
王茂蕾,25,10月1日
王茂蕾,6,10月2日
王茂蕾,15,10月3日
王茂蕾,10,10月4日
王茂蕾,7,10月5日
王茂蕾,472,10月6日
王茂蕾,23,10月7日
王茂蕾,21602,10月8日
王茂蕾,1299,10月9日
王茂蕾,762,10月10日
王茂蕾,236,10月11日
王茂蕾,20,10月12日
王茂蕾,27,10月13日
王茂蕾,22,10月14日
王茂蕾,6,10月15日
王茂蕾,1189,10月16日
王茂蕾,1101,10月17日
王茂蕾,12,10月18日
王茂蕾,16,10月19日
王茂蕾,6,10月20日
王茂蕾,32,10月21日
王茂蕾,33,10月22日
王茂蕾,9,10月23日
王茂蕾,5,10月24日
王茂蕾,3,10月25日
王茂蕾,24,10月26日
王茂蕾,7657,10月27日
王茂蕾,334,10月28日
王茂蕾,176,10月29日
秦越,74,9月29日
秦越,49,9月30日
秦越,1027,10月1日
秦越,105,10月2日
秦越,168,10月3日
秦越,135,10月4日
秦越,363,10月5日
秦越,131,10月6日
秦越,122,10月7日
秦越,25,10月8日
秦越,78,10月9日
秦越,365,10月10日
秦越,338,10月11日
秦越,7,10月12日
秦越,45,10月13日
秦越,42,10月14日
秦越,255,10月15日
秦越,419,10月16日
秦越,782,10月17日
秦越,212,10月18日
秦越,218,10月19日
秦越,35,10月20日
秦越,18,10月21日
秦越,142,10月22日
秦越,88,10月23日
秦越,2009,10月24日
秦越,22,10月25日
秦越,39,10月26日
秦越,23,10月27日
秦越,3,10月28日
秦越,59,10月29日
李彩桦,31069,9月29日
李彩桦,285,9月30日
李彩桦,196,10月1日
李彩桦,279,10月2日
李彩桦,66,10月3日
李彩桦,543,10月4日
李彩桦,63,10月5日
李彩桦,782350,10月6日
李彩桦,19,10月7日
李彩桦,2852,10月8日
李彩桦,78,10月9日
李彩桦,65,10月10日
李彩桦,36,10月11日
李彩桦,87,10月12日
李彩桦,92,10月13日
李彩桦,381,10月14日
李彩桦,30801,10月15日
李彩桦,2355,10月16日
李彩桦,81,10月17日
李彩桦,112,10月18日
李彩桦,344,10月19日
李彩桦,600,10月20日
李彩桦,5212,10月21日
李彩桦,5047,10月22日
李彩桦,3559,10月23日
李彩桦,22409,10月24日
李彩桦,12396,10月25日
李彩桦,8005,10月26日
李彩桦,7897,10月27日
李彩桦,432,10月28日
李彩桦,2763,10月29日
陈凯歌,24731,10月1日
陈凯歌,202344,10月2日
陈凯歌,120514,10月3日
陈凯歌,41499,10月4日
陈凯歌,14000,10月5日
陈凯歌,31600,10月6日
陈凯歌,60826,10月7日
陈凯歌,45365,10月8日
陈凯歌,43118,10月9日
陈凯歌,564516,10月10日
陈凯歌,974928,10月11日
陈凯歌,288026,10月12日
陈凯歌,108441,10月13日
陈凯歌,72854,10月14日
陈凯歌,195949,10月15日
陈凯歌,125579,10月16日
陈凯歌,367252,10月17日
陈凯歌,718522,10月18日
陈凯歌,180893,10月19日
陈凯歌,150264,10月20日
陈凯歌,100726,10月21日
陈凯歌,44981,10月22日
陈凯歌,69621,10月23日
陈凯歌,495722,10月24日
陈凯歌,1165569,10月25日
陈凯歌,338570,10月26日
陈凯歌,213140,10月27日
陈凯歌,95138,10月28日
陈凯歌,115866,10月29日
陈凯歌,94678,10月30日
陈凯歌,688319,10月31日
陈凯歌,555849,11月1日
尔冬升,2684,10月1日
尔冬升,384452,10月2日
尔冬升,1916333,10月3日
尔冬升,749796,10月4日
尔冬升,101134,10月5日
尔冬升,54995,10月6日
尔冬升,81103,10月7日
尔冬升,56529,10月8日
尔冬升,61262,10月9日
尔冬升,401261,10月10日
尔冬升,785608,10月11日
尔冬升,225434,10月12日
尔冬升,183328,10月13日
尔冬升,156529,10月14日
尔冬升,197717,10月15日
尔冬升,127583,10月16日
尔冬升,543633,10月17日
尔冬升,1706855,10月18日
尔冬升,301308,10月19日
尔冬升,179874,10月20日
尔冬升,87535,10月21日
尔冬升,815850,10月22日
尔冬升,62530,10月23日
尔冬升,1014424,10月24日
尔冬升,495204,10月25日
尔冬升,587139,10月26日
尔冬升,89220,10月27日
尔冬升,60579,10月28日
尔冬升,90787,10月29日
尔冬升,84197,10月30日
尔冬升,208076,10月31日
尔冬升,142958,11月1日
赵薇,52560,10月1日
赵薇,375908,10月2日
赵薇,1090887,10月3日
赵薇,197556,10月4日
赵薇,70114,10月5日
赵薇,158422,10月6日
赵薇,101353,10月7日
赵薇,112855,10月8日
赵薇,809294,10月9日
赵薇,2094536,10月10日
赵薇,642544,10月11日
赵薇,353627,10月12日
赵薇,265698,10月13日
赵薇,211495,10月14日
赵薇,224824,10月15日
赵薇,278379,10月16日
赵薇,1310548,10月17日
赵薇,966680,10月18日
赵薇,477896,10月19日
赵薇,640990,10月20日
赵薇,234419,10月21日
赵薇,1887669,10月22日
赵薇,202405,10月23日
赵薇,226316,10月24日
赵薇,194829,10月25日
赵薇,760382,10月26日
赵薇,1213496,10月27日
赵薇,132210,10月28日
赵薇,138857,10月29日
赵薇,187168,10月30日
赵薇,634250,10月31日
赵薇,286355,11月1日
郭敬明,9117,10月1日
郭敬明,165809,10月2日
郭敬明,189104,10月3日
郭敬明,70202,10月4日
郭敬明,38036,10月5日
郭敬明,23732,10月6日
郭敬明,40929,10月7日
郭敬明,66306,10月8日
郭敬明,53616,10月9日
郭敬明,1982423,10月10日
郭敬明,3754794,10月11日
郭敬明,755273,10月12日
郭敬明,566800,10月13日
郭敬明,333131,10月14日
郭敬明,1590416,10月15日
郭敬明,375527,10月16日
郭敬明,832512,10月17日
郭敬明,797837,10月18日
郭敬明,287824,10月19日
郭敬明,158828,10月20日
郭敬明,118723,10月21日
郭敬明,72548,10月22日
郭敬明,133585,10月23日
郭敬明,378738,10月24日
郭敬明,461292,10月25日
郭敬明,167349,10月26日
郭敬明,87257,10月27日
郭敬明,58812,10月28日
郭敬明,52296,10月29日
郭敬明,75365,10月30日
郭敬明,892987,10月31日
郭敬明,358219,11月1日
大鹏,10107,10月1日
大鹏,90227,10月2日
大鹏,200003,10月3日
大鹏,14362,10月4日
大鹏,14488,10月5日
大鹏,17753,10月6日
大鹏,11734,10月7日
大鹏,37250,10月8日
大鹏,24733,10月9日
大鹏,335656,10月10日
大鹏,691823,10月11日
大鹏,188951,10月12日
大鹏,77468,10月13日
大鹏,90194,10月14日
大鹏,171971,10月15日
大鹏,62283,10月16日
大鹏,89705,10月17日
大鹏,82524,10月18日
大鹏,71791,10月19日
大鹏,50801,10月20日
大鹏,24639,10月21日
大鹏,96287,10月22日
大鹏,65245,10月23日
大鹏,51004,10月24日
大鹏,243872,10月25日
大鹏,39232,10月26日
大鹏,165970,10月27日
大鹏,31310,10月28日
大鹏,25802,10月29日
大鹏,21427,10月30日
大鹏,31911,10月31日
大鹏,16916,11月1日
小彩旗,16511,10月1日
小彩旗,159508,10月2日
小彩旗,281064,10月3日
小彩旗,25234,10月4日
小彩旗,8665,10月5日
小彩旗,14510,10月6日
小彩旗,9328,10月7日
小彩旗,9180,10月8日
小彩旗,852,10月9日
小彩旗,5559,10月10日
小彩旗,7264,10月11日
小彩旗,1522,10月12日
小彩旗,5309,10月13日
小彩旗,542,10月14日
小彩旗,3269,10月15日
小彩旗,200,10月16日
小彩旗,1219,10月17日
小彩旗,5804,10月18日
小彩旗,1607,10月19日
小彩旗,1107,10月20日
小彩旗,2671,10月21日
小彩旗,7552,10月22日
小彩旗,998,10月23日
小彩旗,15339,10月24日
小彩旗,23482,10月25日
小彩旗,25454,10月26日
小彩旗,6728,10月27日
小彩旗,10358,10月28日
小彩旗,1890,10月29日
小彩旗,1009,10月30日
小彩旗,1827,10月31日
小彩旗,236,11月1日
曹骏,801,10月1日
曹骏,9336,10月2日
曹骏,9333,10月3日
曹骏,5880,10月4日
曹骏,5473,10月5日
曹骏,21852,10月6日
曹骏,2406,10月7日
曹骏,1350,10月8日
曹骏,7761,10月9日
曹骏,7049,10月10日
曹骏,1167,10月11日
曹骏,3844,10月12日
曹骏,380,10月13日
曹骏,161,10月14日
曹骏,7993,10月15日
曹骏,14537,10月16日
曹骏,283388,10月17日
曹骏,1162644,10月18日
曹骏,133005,10月19日
曹骏,56805,10月20日
曹骏,50967,10月21日
曹骏,855845,10月22日
曹骏,63995,10月23日
曹骏,354370,10月24日
曹骏,257054,10月25日
曹骏,57640,10月26日
曹骏,71336,10月27日
曹骏,52237,10月28日
曹骏,51084,10月29日
曹骏,17734,10月30日
曹骏,36332,10月31日
曹骏,56536,11月1日
丁程鑫,684493,10月1日
丁程鑫,3258777,10月2日
丁程鑫,2945537,10月3日
丁程鑫,1093234,10月4日
丁程鑫,585431,10月5日
丁程鑫,868115,10月6日
丁程鑫,446744,10月7日
丁程鑫,308517,10月8日
丁程鑫,678697,10月9日
丁程鑫,2291776,10月10日
丁程鑫,1379764,10月11日
丁程鑫,707662,10月12日
丁程鑫,971514,10月13日
丁程鑫,348708,10月14日
丁程鑫,447873,10月15日
丁程鑫,429579,10月16日
丁程鑫,4512966,10月17日
丁程鑫,738146,10月18日
丁程鑫,401758,10月19日
丁程鑫,558801,10月20日
丁程鑫,412449,10月21日
丁程鑫,849710,10月22日
丁程鑫,602516,10月23日
丁程鑫,1837092,10月24日
丁程鑫,474224,10月25日
丁程鑫,626672,10月26日
丁程鑫,818343,10月27日
丁程鑫,571132,10月28日
丁程鑫,598811,10月29日
丁程鑫,1210984,10月30日
丁程鑫,2075029,10月31日
丁程鑫,708423,11月1日
费启鸣,17126,10月1日
费启鸣,73170,10月2日
费启鸣,23991,10月3日
费启鸣,6101,10月4日
费启鸣,3629,10月5日
费启鸣,8424,10月6日
费启鸣,36006,10月7日
费启鸣,4261,10月8日
费启鸣,5472,10月9日
费启鸣,76109,10月10日
费启鸣,223888,10月11日
费启鸣,81886,10月12日
费启鸣,27695,10月13日
费启鸣,12086,10月14日
费启鸣,14115,10月15日
费启鸣,19766,10月16日
费启鸣,233413,10月17日
费启鸣,33607,10月18日
费启鸣,9714,10月19日
费启鸣,54141,10月20日
费启鸣,18249,10月21日
费启鸣,6645,10月22日
费启鸣,62703,10月23日
费启鸣,15362,10月24日
费启鸣,14521,10月25日
费启鸣,8970,10月26日
费启鸣,13559,10月27日
费启鸣,7349,10月28日
费启鸣,9517,10月29日
费启鸣,4060,10月30日
费启鸣,178794,10月31日
费启鸣,13211,11月1日
郭晓婷,10406,10月1日
郭晓婷,11327,10月2日
郭晓婷,28228,10月3日
郭晓婷,15206,10月4日
郭晓婷,793,10月5日
郭晓婷,1951,10月6日
郭晓婷,25378,10月7日
郭晓婷,23553,10月8日
郭晓婷,14692,10月9日
郭晓婷,523,10月10日
郭晓婷,14092,10月11日
郭晓婷,13295,10月12日
郭晓婷,9376,10月13日
郭晓婷,3753,10月14日
郭晓婷,6504,10月15日
郭晓婷,14009,10月16日
郭晓婷,99625,10月17日
郭晓婷,71145,10月18日
郭晓婷,31978,10月19日
郭晓婷,29413,10月20日
郭晓婷,24894,10月21日
郭晓婷,5063,10月22日
郭晓婷,23300,10月23日
郭晓婷,20325,10月24日
郭晓婷,53788,10月25日
郭晓婷,18873,10月26日
郭晓婷,11238,10月27日
郭晓婷,18253,10月28日
郭晓婷,9341,10月29日
郭晓婷,64033,10月30日
郭晓婷,4929,10月31日
郭晓婷,2500,11月1日
贺开朗,0,10月1日
贺开朗,6384,10月2日
贺开朗,2403,10月3日
贺开朗,322,10月4日
贺开朗,335,10月5日
贺开朗,202,10月6日
贺开朗,84,10月7日
贺开朗,692,10月8日
贺开朗,159,10月9日
贺开朗,95149,10月10日
贺开朗,32831,10月11日
贺开朗,2797,10月12日
贺开朗,4113,10月13日
贺开朗,506,10月14日
贺开朗,25525,10月15日
贺开朗,3634,10月16日
贺开朗,13314,10月17日
贺开朗,421,10月18日
贺开朗,189,10月19日
贺开朗,120,10月20日
贺开朗,111,10月21日
贺开朗,72,10月22日
贺开朗,1370,10月23日
贺开朗,5755,10月24日
贺开朗,287,10月25日
贺开朗,435,10月26日
贺开朗,250,10月27日
贺开朗,61613,10月28日
贺开朗,16301,10月29日
贺开朗,2165,10月30日
贺开朗,65624,10月31日
贺开朗,45628,11月1日
黄璐,51,10月1日
黄璐,11489,10月2日
黄璐,7325,10月3日
黄璐,374,10月4日
黄璐,16856,10月5日
黄璐,11933,10月6日
黄璐,4980,10月7日
黄璐,17189,10月8日
黄璐,3014,10月9日
黄璐,22803,10月10日
黄璐,21897,10月11日
黄璐,48520,10月12日
黄璐,44098,10月13日
黄璐,1941,10月14日
黄璐,13554,10月15日
黄璐,302,10月16日
黄璐,2145,10月17日
黄璐,3525,10月18日
黄璐,841,10月19日
黄璐,1321,10月20日
黄璐,53,10月21日
黄璐,7347,10月22日
黄璐,15123,10月23日
黄璐,15700,10月24日
黄璐,8286,10月25日
黄璐,38911,10月26日
黄璐,4787,10月27日
黄璐,982,10月28日
黄璐,65,10月29日
黄璐,4271,10月30日
黄璐,8594,10月31日
黄璐,34587,11月1日
黄梦莹,14776,10月1日
黄梦莹,29052,10月2日
黄梦莹,6154,10月3日
黄梦莹,13121,10月4日
黄梦莹,1979,10月5日
黄梦莹,29260,10月6日
黄梦莹,2763,10月7日
黄梦莹,3862,10月8日
黄梦莹,457,10月9日
黄梦莹,2572,10月10日
黄梦莹,2662,10月11日
黄梦莹,2328,10月12日
黄梦莹,757,10月13日
黄梦莹,651,10月14日
黄梦莹,2402,10月15日
黄梦莹,11268,10月16日
黄梦莹,183463,10月17日
黄梦莹,394783,10月18日
黄梦莹,73303,10月19日
黄梦莹,15712,10月20日
黄梦莹,30424,10月21日
黄梦莹,7452,10月22日
黄梦莹,47171,10月23日
黄梦莹,43310,10月24日
黄梦莹,61282,10月25日
黄梦莹,12287,10月26日
黄梦莹,28032,10月27日
黄梦莹,10477,10月28日
黄梦莹,4357,10月29日
黄梦莹,10555,10月30日
黄梦莹,3848,10月31日
黄梦莹,1089,11月1日
胡杏儿,35538,10月1日
胡杏儿,24870,10月2日
胡杏儿,35735,10月3日
胡杏儿,9579,10月4日
胡杏儿,6402,10月5日
胡杏儿,8826,10月6日
胡杏儿,14502,10月7日
胡杏儿,32343,10月8日
胡杏儿,36767,10月9日
胡杏儿,276312,10月10日
胡杏儿,335359,10月11日
胡杏儿,208204,10月12日
胡杏儿,92599,10月13日
胡杏儿,21832,10月14日
胡杏儿,62421,10月15日
胡杏儿,93168,10月16日
胡杏儿,31768,10月17日
胡杏儿,61874,10月18日
胡杏儿,37304,10月19日
胡杏儿,77177,10月20日
胡杏儿,45201,10月21日
胡杏儿,25128,10月22日
胡杏儿,64547,10月23日
胡杏儿,210974,10月24日
胡杏儿,723903,10月25日
胡杏儿,139682,10月26日
胡杏儿,51632,10月27日
胡杏儿,99595,10月28日
胡杏儿,53832,10月29日
胡杏儿,6939,10月30日
胡杏儿,17860,10月31日
胡杏儿,13461,11月1日
黄奕,1955,10月1日
黄奕,36872,10月2日
黄奕,71861,10月3日
黄奕,35999,10月4日
黄奕,28142,10月5日
黄奕,35493,10月6日
黄奕,62968,10月7日
黄奕,48785,10月8日
黄奕,21073,10月9日
黄奕,774463,10月10日
黄奕,2450945,10月11日
黄奕,587117,10月12日
黄奕,157605,10月13日
黄奕,69245,10月14日
黄奕,123984,10月15日
黄奕,98576,10月16日
黄奕,43327,10月17日
黄奕,79314,10月18日
黄奕,35807,10月19日
黄奕,42495,10月20日
黄奕,73424,10月21日
黄奕,133240,10月22日
黄奕,61629,10月23日
黄奕,752965,10月24日
黄奕,968534,10月25日
黄奕,168203,10月26日
黄奕,107593,10月27日
黄奕,66816,10月28日
黄奕,27887,10月29日
黄奕,54867,10月30日
黄奕,20559,10月31日
黄奕,24692,11月1日
辣目洋子,66064,10月1日
辣目洋子,70217,10月2日
辣目洋子,43195,10月3日
辣目洋子,15876,10月4日
辣目洋子,7796,10月5日
辣目洋子,4493,10月6日
辣目洋子,2966,10月7日
辣目洋子,23452,10月8日
辣目洋子,11210,10月9日
辣目洋子,292083,10月10日
辣目洋子,1256737,10月11日
辣目洋子,193632,10月12日
辣目洋子,109972,10月13日
辣目洋子,23400,10月14日
辣目洋子,28899,10月15日
辣目洋子,21418,10月16日
辣目洋子,19183,10月17日
辣目洋子,94764,10月18日
辣目洋子,20114,10月19日
辣目洋子,18254,10月20日
辣目洋子,7923,10月21日
辣目洋子,25373,10月22日
辣目洋子,53699,10月23日
辣目洋子,100682,10月24日
辣目洋子,748544,10月25日
辣目洋子,43628,10月26日
辣目洋子,42376,10月27日
辣目洋子,73539,10月28日
辣目洋子,35051,10月29日
辣目洋子,48898,10月30日
辣目洋子,139253,10月31日
辣目洋子,30580,11月1日
刘芮麟,2661,10月1日
刘芮麟,10249,10月2日
刘芮麟,3821,10月3日
刘芮麟,454,10月4日
刘芮麟,435,10月5日
刘芮麟,5792,10月6日
刘芮麟,13783,10月7日
刘芮麟,248,10月8日
刘芮麟,385,10月9日
刘芮麟,29234,10月10日
刘芮麟,3992,10月11日
刘芮麟,24053,10月12日
刘芮麟,589,10月13日
刘芮麟,406,10月14日
刘芮麟,3876,10月15日
刘芮麟,12533,10月16日
刘芮麟,448,10月17日
刘芮麟,255,10月18日
刘芮麟,4849,10月19日
刘芮麟,286,10月20日
刘芮麟,275,10月21日
刘芮麟,1506,10月22日
刘芮麟,15134,10月23日
刘芮麟,5703,10月24日
刘芮麟,22412,10月25日
刘芮麟,713,10月26日
刘芮麟,369,10月27日
刘芮麟,224247,10月28日
刘芮麟,20801,10月29日
刘芮麟,4412,10月30日
刘芮麟,30245,10月31日
刘芮麟,25098,11月1日
李溪芮,2753,10月1日
李溪芮,79517,10月2日
李溪芮,124631,10月3日
李溪芮,11953,10月4日
李溪芮,8149,10月5日
李溪芮,4919,10月6日
李溪芮,15442,10月7日
李溪芮,6204,10月8日
李溪芮,312374,10月9日
李溪芮,22462,10月10日
李溪芮,7777,10月11日
李溪芮,32918,10月12日
李溪芮,87706,10月13日
李溪芮,17099,10月14日
李溪芮,10586,10月15日
李溪芮,26085,10月16日
李溪芮,1070378,10月17日
李溪芮,1304148,10月18日
李溪芮,119040,10月19日
李溪芮,58924,10月20日
李溪芮,35192,10月21日
李溪芮,30169,10月22日
李溪芮,29169,10月23日
李溪芮,19226,10月24日
李溪芮,674987,10月25日
李溪芮,80590,10月26日
李溪芮,15436,10月27日
李溪芮,48629,10月28日
李溪芮,7475,10月29日
李溪芮,10622,10月30日
李溪芮,19285,10月31日
李溪芮,32084,11月1日
娄艺潇,4098,10月1日
娄艺潇,52293,10月2日
娄艺潇,26108,10月3日
娄艺潇,48118,10月4日
娄艺潇,24840,10月5日
娄艺潇,15382,10月6日
娄艺潇,341815,10月7日
娄艺潇,74983,10月8日
娄艺潇,22922,10月9日
娄艺潇,16591,10月10日
娄艺潇,18826,10月11日
娄艺潇,49195,10月12日
娄艺潇,61116,10月13日
娄艺潇,11948,10月14日
娄艺潇,46310,10月15日
娄艺潇,37468,10月16日
娄艺潇,205421,10月17日
娄艺潇,412040,10月18日
娄艺潇,57738,10月19日
娄艺潇,66141,10月20日
娄艺潇,37651,10月21日
娄艺潇,19423,10月22日
娄艺潇,82145,10月23日
娄艺潇,50798,10月24日
娄艺潇,19202,10月25日
娄艺潇,472540,10月26日
娄艺潇,66982,10月27日
娄艺潇,48586,10月28日
娄艺潇,28533,10月29日
娄艺潇,8938,10月30日
娄艺潇,22199,10月31日
娄艺潇,61094,11月1日
李智楠,330,10月1日
李智楠,13129,10月2日
李智楠,1718,10月3日
李智楠,255,10月4日
李智楠,79,10月5日
李智楠,119,10月6日
李智楠,177,10月7日
李智楠,28792,10月8日
李智楠,23920,10月9日
李智楠,5236,10月10日
李智楠,638,10月11日
李智楠,1510,10月12日
李智楠,74,10月13日
李智楠,34,10月14日
李智楠,56,10月15日
李智楠,6394,10月16日
李智楠,65142,10月17日
李智楠,56818,10月18日
李智楠,29611,10月19日
李智楠,15448,10月20日
李智楠,3887,10月21日
李智楠,6536,10月22日
李智楠,7565,10月23日
李智楠,6117,10月24日
李智楠,2697,10月25日
李智楠,14512,10月26日
李智楠,980,10月27日
李智楠,138,10月28日
李智楠,1111,10月29日
李智楠,159,10月30日
李智楠,26130,10月31日
李智楠,38804,11月1日
马伯骞,20836,10月1日
马伯骞,146819,10月2日
马伯骞,33718,10月3日
马伯骞,6534,10月4日
马伯骞,13157,10月5日
马伯骞,21017,10月6日
马伯骞,4685,10月7日
马伯骞,9599,10月8日
马伯骞,25594,10月9日
马伯骞,168921,10月10日
马伯骞,171946,10月11日
马伯骞,71285,10月12日
马伯骞,62130,10月13日
马伯骞,33780,10月14日
马伯骞,102917,10月15日
马伯骞,272900,10月16日
马伯骞,61595,10月17日
马伯骞,29648,10月18日
马伯骞,58089,10月19日
马伯骞,21954,10月20日
马伯骞,53694,10月21日
马伯骞,56807,10月22日
马伯骞,61114,10月23日
马伯骞,58760,10月24日
马伯骞,133489,10月25日
马伯骞,82156,10月26日
马伯骞,44685,10月27日
马伯骞,386953,10月28日
马伯骞,89492,10月29日
马伯骞,43664,10月30日
马伯骞,142857,10月31日
马伯骞,81755,11月1日
马苏,17952,10月1日
马苏,123284,10月2日
马苏,931842,10月3日
马苏,279543,10月4日
马苏,64479,10月5日
马苏,38809,10月6日
马苏,73488,10月7日
马苏,58474,10月8日
马苏,40044,10月9日
马苏,121185,10月10日
马苏,73648,10月11日
马苏,65451,10月12日
马苏,31573,10月13日
马苏,27998,10月14日
马苏,61292,10月15日
马苏,17376,10月16日
马苏,25963,10月17日
马苏,28169,10月18日
马苏,37354,10月19日
马苏,35036,10月20日
马苏,23652,10月21日
马苏,14070,10月22日
马苏,12039,10月23日
马苏,70097,10月24日
马苏,102524,10月25日
马苏,71040,10月26日
马苏,52933,10月27日
马苏,26005,10月28日
马苏,34255,10月29日
马苏,8633,10月30日
马苏,32405,10月31日
马苏,37604,11月1日
孟子义,6871,10月1日
孟子义,47819,10月2日
孟子义,10060,10月3日
孟子义,18192,10月4日
孟子义,14096,10月5日
孟子义,2182,10月6日
孟子义,9232,10月7日
孟子义,6577,10月8日
孟子义,7718,10月9日
孟子义,8906,10月10日
孟子义,7049,10月11日
孟子义,30256,10月12日
孟子义,9591,10月13日
孟子义,3251,10月14日
孟子义,2948,10月15日
孟子义,11150,10月16日
孟子义,814596,10月17日
孟子义,297485,10月18日
孟子义,85355,10月19日
孟子义,20042,10月20日
孟子义,22442,10月21日
孟子义,9640,10月22日
孟子义,6965,10月23日
孟子义,27336,10月24日
孟子义,62731,10月25日
孟子义,16534,10月26日
孟子义,21076,10月27日
孟子义,37181,10月28日
孟子义,17018,10月29日
孟子义,3888,10月30日
孟子义,314445,10月31日
孟子义,64575,11月1日
倪虹洁,4283,10月1日
倪虹洁,69572,10月2日
倪虹洁,301396,10月3日
倪虹洁,1331254,10月4日
倪虹洁,75671,10月5日
倪虹洁,26789,10月6日
倪虹洁,65648,10月7日
倪虹洁,44408,10月8日
倪虹洁,3851,10月9日
倪虹洁,24236,10月10日
倪虹洁,16430,10月11日
倪虹洁,7293,10月12日
倪虹洁,6685,10月13日
倪虹洁,2618,10月14日
倪虹洁,200898,10月15日
倪虹洁,17710,10月16日
倪虹洁,8365,10月17日
倪虹洁,18902,10月18日
倪虹洁,10166,10月19日
倪虹洁,5117,10月20日
倪虹洁,4033,10月21日
倪虹洁,33979,10月22日
倪虹洁,47805,10月23日
倪虹洁,134137,10月24日
倪虹洁,156167,10月25日
倪虹洁,61201,10月26日
倪虹洁,33349,10月27日
倪虹洁,6326,10月28日
倪虹洁,7851,10月29日
倪虹洁,4125,10月30日
倪虹洁,18652,10月31日
倪虹洁,15977,11月1日
任敏,14828,10月1日
任敏,355410,10月2日
任敏,223394,10月3日
任敏,80777,10月4日
任敏,51645,10月5日
任敏,17476,10月6日
任敏,39750,10月7日
任敏,1563794,10月8日
任敏,34031,10月9日
任敏,25291,10月10日
任敏,26355,10月11日
任敏,24496,10月12日
任敏,35633,10月13日
任敏,13360,10月14日
任敏,12439,10月15日
任敏,9286,10月16日
任敏,183819,10月17日
任敏,47689,10月18日
任敏,27220,10月19日
任敏,22132,10月20日
任敏,7651,10月21日
任敏,12563,10月22日
任敏,24962,10月23日
任敏,60463,10月24日
任敏,68268,10月25日
任敏,82751,10月26日
任敏,66209,10月27日
任敏,122077,10月28日
任敏,34263,10月29日
任敏,14465,10月30日
任敏,379152,10月31日
任敏,293338,11月1日
孙千,6167,10月1日
孙千,60036,10月2日
孙千,4644,10月3日
孙千,1895,10月4日
孙千,3813,10月5日
孙千,1478,10月6日
孙千,4595,10月7日
孙千,16935,10月8日
孙千,10185,10月9日
孙千,26707,10月10日
孙千,4039,10月11日
孙千,5487,10月12日
孙千,1156,10月13日
孙千,1665,10月14日
孙千,2683,10月15日
孙千,7672,10月16日
孙千,214777,10月17日
孙千,414080,10月18日
孙千,98902,10月19日
孙千,33884,10月20日
孙千,14162,10月21日
孙千,12902,10月22日
孙千,21352,10月23日
孙千,47783,10月24日
孙千,82777,10月25日
孙千,18789,10月26日
孙千,22430,10月27日
孙千,11923,10月28日
孙千,13197,10月29日
孙千,109148,10月30日
孙千,194960,10月31日
孙千,123489,11月1日
孙阳,42,10月1日
孙阳,7742,10月2日
孙阳,722,10月3日
孙阳,345,10月4日
孙阳,122,10月5日
孙阳,101,10月6日
孙阳,152,10月7日
孙阳,592,10月8日
孙阳,115,10月9日
孙阳,249,10月10日
孙阳,683,10月11日
孙阳,1629,10月12日
孙阳,282,10月13日
孙阳,245,10月14日
孙阳,70,10月15日
孙阳,6361,10月16日
孙阳,44390,10月17日
孙阳,37360,10月18日
孙阳,18730,10月19日
孙阳,672,10月20日
孙阳,1209,10月21日
孙阳,216,10月22日
孙阳,12406,10月23日
孙阳,67308,10月24日
孙阳,43961,10月25日
孙阳,15280,10月26日
孙阳,14351,10月27日
孙阳,13498,10月28日
孙阳,7166,10月29日
孙阳,2523,10月30日
孙阳,432,10月31日
孙阳,273,11月1日
唐一菲,422,10月1日
唐一菲,13025,10月2日
唐一菲,650122,10月3日
唐一菲,348799,10月4日
唐一菲,46149,10月5日
唐一菲,14888,10月6日
唐一菲,2086,10月7日
唐一菲,16729,10月8日
唐一菲,5969,10月9日
唐一菲,14481,10月10日
唐一菲,3703,10月11日
唐一菲,12969,10月12日
唐一菲,14991,10月13日
唐一菲,4576,10月14日
唐一菲,634738,10月15日
唐一菲,55901,10月16日
唐一菲,305997,10月17日
唐一菲,277608,10月18日
唐一菲,129247,10月19日
唐一菲,49547,10月20日
唐一菲,23708,10月21日
唐一菲,45400,10月22日
唐一菲,92206,10月23日
唐一菲,440050,10月24日
唐一菲,873600,10月25日
唐一菲,115982,10月26日
唐一菲,49587,10月27日
唐一菲,45802,10月28日
唐一菲,12734,10月29日
唐一菲,19884,10月30日
唐一菲,12245,10月31日
唐一菲,10789,11月1日
陈宥维,100634,10月1日
陈宥维,701435,10月2日
陈宥维,992420,10月3日
陈宥维,179744,10月4日
陈宥维,955449,10月5日
陈宥维,390303,10月6日
陈宥维,225757,10月7日
陈宥维,76950,10月8日
陈宥维,50377,10月9日
陈宥维,52641,10月10日
陈宥维,49104,10月11日
陈宥维,90045,10月12日
陈宥维,342524,10月13日
陈宥维,132934,10月14日
陈宥维,64934,10月15日
陈宥维,41916,10月16日
陈宥维,149233,10月17日
陈宥维,133152,10月18日
陈宥维,147400,10月19日
陈宥维,15035,10月20日
陈宥维,77161,10月21日
陈宥维,16440,10月22日
陈宥维,46005,10月23日
陈宥维,73948,10月24日
陈宥维,166158,10月25日
陈宥维,65712,10月26日
陈宥维,109020,10月27日
陈宥维,161888,10月28日
陈宥维,62434,10月29日
陈宥维,33939,10月30日
陈宥维,361016,10月31日
陈宥维,473107,11月1日
何昶希,21635,10月1日
何昶希,417763,10月2日
何昶希,63098,10月3日
何昶希,38307,10月4日
何昶希,124519,10月5日
何昶希,152095,10月6日
何昶希,37575,10月7日
何昶希,36841,10月8日
何昶希,23749,10月9日
何昶希,1472564,10月10日
何昶希,1605951,10月11日
何昶希,185727,10月12日
何昶希,160922,10月13日
何昶希,77520,10月14日
何昶希,191035,10月15日
何昶希,175222,10月16日
何昶希,401881,10月17日
何昶希,221439,10月18日
何昶希,119141,10月19日
何昶希,18387,10月20日
何昶希,34607,10月21日
何昶希,9825,10月22日
何昶希,33564,10月23日
何昶希,30964,10月24日
何昶希,78072,10月25日
何昶希,49112,10月26日
何昶希,38039,10月27日
何昶希,84732,10月28日
何昶希,29340,10月29日
何昶希,22680,10月30日
何昶希,166695,10月31日
何昶希,121920,11月1日
王莎莎,528,10月1日
王莎莎,20947,10月2日
王莎莎,8027,10月3日
王莎莎,34619,10月4日
王莎莎,5132,10月5日
王莎莎,6224,10月6日
王莎莎,1117,10月7日
王莎莎,22878,10月8日
王莎莎,1541,10月9日
王莎莎,2618,10月10日
王莎莎,1125,10月11日
王莎莎,1521,10月12日
王莎莎,1579,10月13日
王莎莎,64,10月14日
王莎莎,68,10月15日
王莎莎,7405,10月16日
王莎莎,174845,10月17日
王莎莎,237719,10月18日
王莎莎,50079,10月19日
王莎莎,36634,10月20日
王莎莎,25332,10月21日
王莎莎,23643,10月22日
王莎莎,49076,10月23日
王莎莎,22069,10月24日
王莎莎,6016,10月25日
王莎莎,21359,10月26日
王莎莎,3308,10月27日
王莎莎,1100,10月28日
王莎莎,3880,10月29日
王莎莎,125,10月30日
王莎莎,7152,10月31日
王莎莎,18711,11月1日
王智,2834,10月1日
王智,35395,10月2日
王智,42359,10月3日
王智,5650,10月4日
王智,923,10月5日
王智,20916,10月6日
王智,6197,10月7日
王智,11768,10月8日
王智,22497,10月9日
王智,14375,10月10日
王智,5931,10月11日
王智,2054,10月12日
王智,6741,10月13日
王智,6684,10月14日
王智,24486,10月15日
王智,11241,10月16日
王智,489,10月17日
王智,7419,10月18日
王智,2806,10月19日
王智,906,10月20日
王智,7880,10月21日
王智,88598,10月22日
王智,6549,10月23日
王智,26232,10月24日
王智,27899,10月25日
王智,19978,10月26日
王智,5989,10月27日
王智,16124,10月28日
王智,7512,10月29日
王智,5867,10月30日
王智,47311,10月31日
王智,60705,11月1日
温峥嵘,7118,10月1日
温峥嵘,42225,10月2日
温峥嵘,133543,10月3日
温峥嵘,52554,10月4日
温峥嵘,10594,10月5日
温峥嵘,5756,10月6日
温峥嵘,16105,10月7日
温峥嵘,63619,10月8日
温峥嵘,42198,10月9日
温峥嵘,8410,10月10日
温峥嵘,13131,10月11日
温峥嵘,11098,10月12日
温峥嵘,1427,10月13日
温峥嵘,1988,10月14日
温峥嵘,6489,10月15日
温峥嵘,6895,10月16日
温峥嵘,338126,10月17日
温峥嵘,220187,10月18日
温峥嵘,73484,10月19日
温峥嵘,40111,10月20日
温峥嵘,21515,10月21日
温峥嵘,17293,10月22日
温峥嵘,47677,10月23日
温峥嵘,21717,10月24日
温峥嵘,26796,10月25日
温峥嵘,24897,10月26日
温峥嵘,6117,10月27日
温峥嵘,39591,10月28日
温峥嵘,30051,10月29日
温峥嵘,38891,10月30日
温峥嵘,39522,10月31日
温峥嵘,32222,11月1日
晏紫东,17871,10月1日
晏紫东,224472,10月2日
晏紫东,494196,10月3日
晏紫东,14034,10月4日
晏紫东,16861,10月5日
晏紫东,24471,10月6日
晏紫东,6066,10月7日
晏紫东,2600,10月8日
晏紫东,24918,10月9日
晏紫东,6414,10月10日
晏紫东,88456,10月11日
晏紫东,5011,10月12日
晏紫东,7509,10月13日
晏紫东,4719,10月14日
晏紫东,4580,10月15日
晏紫东,1189,10月16日
晏紫东,2148,10月17日
晏紫东,8189,10月18日
晏紫东,2141,10月19日
晏紫东,1036,10月20日
晏紫东,887,10月21日
晏紫东,1195,10月22日
晏紫东,5289,10月23日
晏紫东,72332,10月24日
晏紫东,44769,10月25日
晏紫东,28281,10月26日
晏紫东,9337,10月27日
晏紫东,23082,10月28日
晏紫东,73521,10月29日
晏紫东,2127,10月30日
晏紫东,1589,10月31日
晏紫东,886,11月1日
杨志刚,1127,10月1日
杨志刚,22400,10月2日
杨志刚,15535,10月3日
杨志刚,3069,10月4日
杨志刚,6211,10月5日
杨志刚,2533,10月6日
杨志刚,8226,10月7日
杨志刚,19244,10月8日
杨志刚,878,10月9日
杨志刚,2059,10月10日
杨志刚,9464,10月11日
杨志刚,3341,10月12日
杨志刚,4984,10月13日
杨志刚,1463,10月14日
杨志刚,16627,10月15日
杨志刚,23975,10月16日
杨志刚,122506,10月17日
杨志刚,424682,10月18日
杨志刚,122750,10月19日
杨志刚,105710,10月20日
杨志刚,43228,10月21日
杨志刚,18913,10月22日
杨志刚,55642,10月23日
杨志刚,101042,10月24日
杨志刚,182810,10月25日
杨志刚,105533,10月26日
杨志刚,331845,10月27日
杨志刚,50532,10月28日
杨志刚,11971,10月29日
杨志刚,7522,10月30日
杨志刚,2948,10月31日
杨志刚,5281,11月1日
张大大,6693,10月1日
张大大,185350,10月2日
张大大,1355504,10月3日
张大大,159972,10月4日
张大大,21951,10月5日
张大大,37033,10月6日
张大大,74334,10月7日
张大大,63454,10月8日
张大大,53944,10月9日
张大大,56914,10月10日
张大大,1144426,10月11日
张大大,69997,10月12日
张大大,180973,10月13日
张大大,24538,10月14日
张大大,711699,10月15日
张大大,434977,10月16日
张大大,172019,10月17日
张大大,61798,10月18日
张大大,58344,10月19日
张大大,7329,10月20日
张大大,5545,10月21日
张大大,20989,10月22日
张大大,58525,10月23日
张大大,488940,10月24日
张大大,153302,10月25日
张大大,55228,10月26日
张大大,1031088,10月27日
张大大,16772,10月28日
张大大,28581,10月29日
张大大,36786,10月30日
张大大,9135,10月31日
张大大,40112,11月1日
张海宇,94,10月1日
张海宇,8232,10月2日
张海宇,182,10月3日
张海宇,186,10月4日
张海宇,42,10月5日
张海宇,182,10月6日
张海宇,34,10月7日
张海宇,659,10月8日
张海宇,3025,10月9日
张海宇,98,10月10日
张海宇,153,10月11日
张海宇,1658,10月12日
张海宇,28,10月13日
张海宇,49,10月14日
张海宇,879,10月15日
张海宇,10391,10月16日
张海宇,187300,10月17日
张海宇,143809,10月18日
张海宇,17099,10月19日
张海宇,24652,10月20日
张海宇,14755,10月21日
张海宇,2692,10月22日
张海宇,15824,10月23日
张海宇,16976,10月24日
张海宇,5418,10月25日
张海宇,846,10月26日
张海宇,206,10月27日
张海宇,920,10月28日
张海宇,236,10月29日
张海宇,500,10月30日
张海宇,25223,10月31日
张海宇,30482,11月1日
张铭恩,3032,10月1日
张铭恩,47724,10月2日
张铭恩,27442,10月3日
张铭恩,28788,10月4日
张铭恩,19203,10月5日
张铭恩,22039,10月6日
张铭恩,53225,10月7日
张铭恩,16231,10月8日
张铭恩,32008,10月9日
张铭恩,29490,10月10日
张铭恩,7005,10月11日
张铭恩,34954,10月12日
张铭恩,4794,10月13日
张铭恩,6927,10月14日
张铭恩,7724,10月15日
张铭恩,14432,10月16日
张铭恩,79097,10月17日
张铭恩,226354,10月18日
张铭恩,74671,10月19日
张铭恩,53248,10月20日
张铭恩,35706,10月21日
张铭恩,44215,10月22日
张铭恩,15082,10月23日
张铭恩,7303,10月24日
张铭恩,6981,10月25日
张铭恩,24207,10月26日
张铭恩,2784,10月27日
张铭恩,3522,10月28日
张铭恩,3915,10月29日
张铭恩,1682,10月30日
张铭恩,3906,10月31日
张铭恩,2903,11月1日
张月,23393,10月1日
张月,63789,10月2日
张月,692072,10月3日
张月,71518,10月4日
张月,13829,10月5日
张月,18994,10月6日
张月,12425,10月7日
张月,29729,10月8日
张月,26443,10月9日
张月,85909,10月10日
张月,137512,10月11日
张月,79396,10月12日
张月,82423,10月13日
张月,15613,10月14日
张月,68517,10月15日
张月,15021,10月16日
张月,3012,10月17日
张月,8703,10月18日
张月,16133,10月19日
张月,19761,10月20日
张月,4254,10月21日
张月,4639,10月22日
张月,15953,10月23日
张月,12108,10月24日
张月,46945,10月25日
张月,7768,10月26日
张月,3268,10月27日
张月,67423,10月28日
张月,22333,10月29日
张月,5798,10月30日
张月,23678,10月31日
张月,16389,11月1日
张逸杰,966,10月1日
张逸杰,4269,10月2日
张逸杰,18143,10月3日
张逸杰,33502,10月4日
张逸杰,1270,10月5日
张逸杰,844,10月6日
张逸杰,2300,10月7日
张逸杰,767,10月8日
张逸杰,2179,10月9日
张逸杰,611245,10月10日
张逸杰,206647,10月11日
张逸杰,50114,10月12日
张逸杰,33142,10月13日
张逸杰,8498,10月14日
张逸杰,4498,10月15日
张逸杰,1286,10月16日
张逸杰,4914,10月17日
张逸杰,5879,10月18日
张逸杰,2115,10月19日
张逸杰,946,10月20日
张逸杰,267,10月21日
张逸杰,329,10月22日
张逸杰,16083,10月23日
张逸杰,12718,10月24日
张逸杰,380039,10月25日
张逸杰,8004,10月26日
张逸杰,465950,10月27日
张逸杰,8513,10月28日
张逸杰,1133,10月29日
张逸杰,7648,10月30日
张逸杰,623,10月31日
张逸杰,604,11月1日
尹子维,21,10月1日
尹子维,14,10月2日
尹子维,30,10月3日
尹子维,5,10月4日
尹子维,2769,10月5日
尹子维,29819,10月6日
尹子维,23336,10月7日
尹子维,292,10月8日
尹子维,1784,10月9日
尹子维,74311,10月10日
尹子维,111500,10月11日
尹子维,36045,10月12日
尹子维,8846,10月13日
尹子维,49,10月14日
尹子维,2247,10月15日
尹子维,141,10月16日
尹子维,1083,10月17日
尹子维,324,10月18日
尹子维,182,10月19日
尹子维,27,10月20日
尹子维,2412,10月21日
尹子维,64,10月22日
尹子维,16,10月23日
尹子维,33,10月24日
尹子维,9,10月25日
尹子维,37,10月26日
尹子维,3224,10月27日
尹子维,64,10月28日
尹子维,22,10月29日
尹子维,38,10月30日
尹子维,33,10月31日
尹子维,19,11月1日
王茂蕾,25,10月1日
王茂蕾,6,10月2日
王茂蕾,15,10月3日
王茂蕾,10,10月4日
王茂蕾,7,10月5日
王茂蕾,472,10月6日
王茂蕾,23,10月7日
王茂蕾,21602,10月8日
王茂蕾,1299,10月9日
王茂蕾,762,10月10日
王茂蕾,236,10月11日
王茂蕾,20,10月12日
王茂蕾,27,10月13日
王茂蕾,22,10月14日
王茂蕾,6,10月15日
王茂蕾,1189,10月16日
王茂蕾,1101,10月17日
王茂蕾,12,10月18日
王茂蕾,16,10月19日
王茂蕾,6,10月20日
王茂蕾,32,10月21日
王茂蕾,33,10月22日
王茂蕾,9,10月23日
王茂蕾,5,10月24日
王茂蕾,3,10月25日
王茂蕾,24,10月26日
王茂蕾,7657,10月27日
王茂蕾,334,10月28日
王茂蕾,176,10月29日
王茂蕾,5012,10月30日
王茂蕾,289,10月31日
王茂蕾,30,11月1日
秦越,1027,10月1日
秦越,105,10月2日
秦越,168,10月3日
秦越,135,10月4日
秦越,363,10月5日
秦越,131,10月6日
秦越,122,10月7日
秦越,25,10月8日
秦越,78,10月9日
秦越,365,10月10日
秦越,338,10月11日
秦越,7,10月12日
秦越,45,10月13日
秦越,42,10月14日
秦越,255,10月15日
秦越,419,10月16日
秦越,782,10月17日
秦越,212,10月18日
秦越,218,10月19日
秦越,35,10月20日
秦越,18,10月21日
秦越,142,10月22日
秦越,88,10月23日
秦越,2009,10月24日
秦越,22,10月25日
秦越,39,10月26日
秦越,23,10月27日
秦越,3,10月28日
秦越,59,10月29日
秦越,524,10月30日
秦越,136,10月31日
秦越,23,11月1日
李彩桦,196,10月1日
李彩桦,279,10月2日
李彩桦,66,10月3日
李彩桦,543,10月4日
李彩桦,63,10月5日
李彩桦,782350,10月6日
李彩桦,19,10月7日
李彩桦,2852,10月8日
李彩桦,78,10月9日
李彩桦,65,10月10日
李彩桦,36,10月11日
李彩桦,87,10月12日
李彩桦,92,10月13日
李彩桦,381,10月14日
李彩桦,30801,10月15日
李彩桦,2355,10月16日
李彩桦,81,10月17日
李彩桦,112,10月18日
李彩桦,344,10月19日
李彩桦,600,10月20日
李彩桦,5212,10月21日
李彩桦,5047,10月22日
李彩桦,3559,10月23日
李彩桦,22409,10月24日
李彩桦,12396,10月25日
李彩桦,8005,10月26日
李彩桦,7897,10月27日
李彩桦,432,10月28日
李彩桦,2763,10月29日
李彩桦,2098,10月30日
李彩桦,2948,10月31日
李彩桦,331,11月1日
陈凯歌,14000,10月5日
陈凯歌,31600,10月6日
陈凯歌,60826,10月7日
陈凯歌,45365,10月8日
陈凯歌,43118,10月9日
陈凯歌,564516,10月10日
陈凯歌,974928,10月11日
陈凯歌,288026,10月12日
陈凯歌,108441,10月13日
陈凯歌,72854,10月14日
陈凯歌,195949,10月15日
陈凯歌,125579,10月16日
陈凯歌,367252,10月17日
陈凯歌,718522,10月18日
陈凯歌,180893,10月19日
陈凯歌,150264,10月20日
陈凯歌,100726,10月21日
陈凯歌,44981,10月22日
陈凯歌,69621,10月23日
陈凯歌,495722,10月24日
陈凯歌,1165569,10月25日
陈凯歌,338570,10月26日
陈凯歌,213140,10月27日
陈凯歌,95138,10月28日
陈凯歌,115866,10月29日
陈凯歌,94678,10月30日
陈凯歌,688319,10月31日
陈凯歌,555849,11月1日
陈凯歌,195255,11月2日
陈凯歌,558658,11月3日
陈凯歌,161572,11月4日
陈凯歌,118657,11月5日
尔冬升,101134,10月5日
尔冬升,54995,10月6日
尔冬升,81103,10月7日
尔冬升,56529,10月8日
尔冬升,61262,10月9日
尔冬升,401261,10月10日
尔冬升,785608,10月11日
尔冬升,225434,10月12日
尔冬升,183328,10月13日
尔冬升,156529,10月14日
尔冬升,197717,10月15日
尔冬升,127583,10月16日
尔冬升,543633,10月17日
尔冬升,1706855,10月18日
尔冬升,301308,10月19日
尔冬升,179874,10月20日
尔冬升,87535,10月21日
尔冬升,815850,10月22日
尔冬升,62530,10月23日
尔冬升,1014424,10月24日
尔冬升,495204,10月25日
尔冬升,587139,10月26日
尔冬升,89220,10月27日
尔冬升,60579,10月28日
尔冬升,90787,10月29日
尔冬升,84197,10月30日
尔冬升,208076,10月31日
尔冬升,142958,11月1日
尔冬升,498716,11月2日
尔冬升,149981,11月3日
尔冬升,60023,11月4日
尔冬升,66939,11月5日
赵薇,70114,10月5日
赵薇,158422,10月6日
赵薇,101353,10月7日
赵薇,112855,10月8日
赵薇,809294,10月9日
赵薇,2094536,10月10日
赵薇,642544,10月11日
赵薇,353627,10月12日
赵薇,265698,10月13日
赵薇,211495,10月14日
赵薇,224824,10月15日
赵薇,278379,10月16日
赵薇,1310548,10月17日
赵薇,966680,10月18日
赵薇,477896,10月19日
赵薇,640990,10月20日
赵薇,234419,10月21日
赵薇,1887669,10月22日
赵薇,202405,10月23日
赵薇,226316,10月24日
赵薇,194829,10月25日
赵薇,760382,10月26日
赵薇,1213496,10月27日
赵薇,132210,10月28日
赵薇,138857,10月29日
赵薇,187168,10月30日
赵薇,634250,10月31日
赵薇,286355,11月1日
赵薇,181417,11月2日
赵薇,274552,11月3日
赵薇,302969,11月4日
赵薇,188395,11月5日
郭敬明,38036,10月5日
郭敬明,23732,10月6日
郭敬明,40929,10月7日
郭敬明,66306,10月8日
郭敬明,53616,10月9日
郭敬明,1982423,10月10日
郭敬明,3754794,10月11日
郭敬明,755273,10月12日
郭敬明,566800,10月13日
郭敬明,333131,10月14日
郭敬明,1590416,10月15日
郭敬明,375527,10月16日
郭敬明,832512,10月17日
郭敬明,797837,10月18日
郭敬明,287824,10月19日
郭敬明,158828,10月20日
郭敬明,118723,10月21日
郭敬明,72548,10月22日
郭敬明,133585,10月23日
郭敬明,378738,10月24日
郭敬明,461292,10月25日
郭敬明,167349,10月26日
郭敬明,87257,10月27日
郭敬明,58812,10月28日
郭敬明,52296,10月29日
郭敬明,75365,10月30日
郭敬明,892987,10月31日
郭敬明,358219,11月1日
郭敬明,271624,11月2日
郭敬明,275670,11月3日
郭敬明,188592,11月4日
郭敬明,354193,11月5日
大鹏,14488,10月5日
大鹏,17753,10月6日
大鹏,11734,10月7日
大鹏,37250,10月8日
大鹏,24733,10月9日
大鹏,335656,10月10日
大鹏,691823,10月11日
大鹏,188951,10月12日
大鹏,77468,10月13日
大鹏,90194,10月14日
大鹏,171971,10月15日
大鹏,62283,10月16日
大鹏,89705,10月17日
大鹏,82524,10月18日
大鹏,71791,10月19日
大鹏,50801,10月20日
大鹏,24639,10月21日
大鹏,96287,10月22日
大鹏,65245,10月23日
大鹏,51004,10月24日
大鹏,243872,10月25日
大鹏,39232,10月26日
大鹏,165970,10月27日
大鹏,31310,10月28日
大鹏,25802,10月29日
大鹏,21427,10月30日
大鹏,31911,10月31日
大鹏,16916,11月1日
大鹏,21338,11月2日
大鹏,40134,11月3日
大鹏,76294,11月4日
大鹏,44617,11月5日
小彩旗,8665,10月5日
小彩旗,14510,10月6日
小彩旗,9328,10月7日
小彩旗,9180,10月8日
小彩旗,852,10月9日
小彩旗,5559,10月10日
小彩旗,7264,10月11日
小彩旗,1522,10月12日
小彩旗,5309,10月13日
小彩旗,542,10月14日
小彩旗,3269,10月15日
小彩旗,200,10月16日
小彩旗,1219,10月17日
小彩旗,5804,10月18日
小彩旗,1607,10月19日
小彩旗,1107,10月20日
小彩旗,2671,10月21日
小彩旗,7552,10月22日
小彩旗,998,10月23日
小彩旗,15339,10月24日
小彩旗,23482,10月25日
小彩旗,25454,10月26日
小彩旗,6728,10月27日
小彩旗,10358,10月28日
小彩旗,1890,10月29日
小彩旗,1009,10月30日
小彩旗,1827,10月31日
小彩旗,236,11月1日
小彩旗,69,11月2日
小彩旗,51,11月3日
小彩旗,97,11月4日
小彩旗,51,11月5日
曹骏,5473,10月5日
曹骏,21852,10月6日
曹骏,2406,10月7日
曹骏,1350,10月8日
曹骏,7761,10月9日
曹骏,7049,10月10日
曹骏,1167,10月11日
曹骏,3844,10月12日
曹骏,380,10月13日
曹骏,161,10月14日
曹骏,7993,10月15日
曹骏,14537,10月16日
曹骏,283388,10月17日
曹骏,1162644,10月18日
曹骏,133005,10月19日
曹骏,56805,10月20日
曹骏,50967,10月21日
曹骏,855845,10月22日
曹骏,63995,10月23日
曹骏,354370,10月24日
曹骏,257054,10月25日
曹骏,57640,10月26日
曹骏,71336,10月27日
曹骏,52237,10月28日
曹骏,51084,10月29日
曹骏,17734,10月30日
曹骏,36332,10月31日
曹骏,56536,11月1日
曹骏,15644,11月2日
曹骏,16634,11月3日
曹骏,16709,11月4日
曹骏,8906,11月5日
丁程鑫,585431,10月5日
丁程鑫,868115,10月6日
丁程鑫,446744,10月7日
丁程鑫,308517,10月8日
丁程鑫,678697,10月9日
丁程鑫,2291776,10月10日
丁程鑫,1379764,10月11日
丁程鑫,707662,10月12日
丁程鑫,971514,10月13日
丁程鑫,348708,10月14日
丁程鑫,447873,10月15日
丁程鑫,429579,10月16日
丁程鑫,4512966,10月17日
丁程鑫,738146,10月18日
丁程鑫,401758,10月19日
丁程鑫,558801,10月20日
丁程鑫,412449,10月21日
丁程鑫,849710,10月22日
丁程鑫,602516,10月23日
丁程鑫,1837092,10月24日
丁程鑫,474224,10月25日
丁程鑫,626672,10月26日
丁程鑫,818343,10月27日
丁程鑫,571132,10月28日
丁程鑫,598811,10月29日
丁程鑫,1210984,10月30日
丁程鑫,2075029,10月31日
丁程鑫,708423,11月1日
丁程鑫,480433,11月2日
丁程鑫,1076731,11月3日
丁程鑫,1338156,11月4日
丁程鑫,586131,11月5日
费启鸣,3629,10月5日
费启鸣,8424,10月6日
费启鸣,36006,10月7日
费启鸣,4261,10月8日
费启鸣,5472,10月9日
费启鸣,76109,10月10日
费启鸣,223888,10月11日
费启鸣,81886,10月12日
费启鸣,27695,10月13日
费启鸣,12086,10月14日
费启鸣,14115,10月15日
费启鸣,19766,10月16日
费启鸣,233413,10月17日
费启鸣,33607,10月18日
费启鸣,9714,10月19日
费启鸣,54141,10月20日
费启鸣,18249,10月21日
费启鸣,6645,10月22日
费启鸣,62703,10月23日
费启鸣,15362,10月24日
费启鸣,14521,10月25日
费启鸣,8970,10月26日
费启鸣,13559,10月27日
费启鸣,7349,10月28日
费启鸣,9517,10月29日
费启鸣,4060,10月30日
费启鸣,178794,10月31日
费启鸣,13211,11月1日
费启鸣,63383,11月2日
费启鸣,46758,11月3日
费启鸣,9033,11月4日
费启鸣,25423,11月5日
郭晓婷,793,10月5日
郭晓婷,1951,10月6日
郭晓婷,25378,10月7日
郭晓婷,23553,10月8日
郭晓婷,14692,10月9日
郭晓婷,523,10月10日
郭晓婷,14092,10月11日
郭晓婷,13295,10月12日
郭晓婷,9376,10月13日
郭晓婷,3753,10月14日
郭晓婷,6504,10月15日
郭晓婷,14009,10月16日
郭晓婷,99625,10月17日
郭晓婷,71145,10月18日
郭晓婷,31978,10月19日
郭晓婷,29413,10月20日
郭晓婷,24894,10月21日
郭晓婷,5063,10月22日
郭晓婷,23300,10月23日
郭晓婷,20325,10月24日
郭晓婷,53788,10月25日
郭晓婷,18873,10月26日
郭晓婷,11238,10月27日
郭晓婷,18253,10月28日
郭晓婷,9341,10月29日
郭晓婷,64033,10月30日
郭晓婷,4929,10月31日
郭晓婷,2500,11月1日
郭晓婷,12743,11月2日
郭晓婷,11598,11月3日
郭晓婷,3688,11月4日
郭晓婷,5656,11月5日
贺开朗,335,10月5日
贺开朗,202,10月6日
贺开朗,84,10月7日
贺开朗,692,10月8日
贺开朗,159,10月9日
贺开朗,95149,10月10日
贺开朗,32831,10月11日
贺开朗,2797,10月12日
贺开朗,4113,10月13日
贺开朗,506,10月14日
贺开朗,25525,10月15日
贺开朗,3634,10月16日
贺开朗,13314,10月17日
贺开朗,421,10月18日
贺开朗,189,10月19日
贺开朗,120,10月20日
贺开朗,111,10月21日
贺开朗,72,10月22日
贺开朗,1370,10月23日
贺开朗,5755,10月24日
贺开朗,287,10月25日
贺开朗,435,10月26日
贺开朗,250,10月27日
贺开朗,61613,10月28日
贺开朗,16301,10月29日
贺开朗,2165,10月30日
贺开朗,65624,10月31日
贺开朗,45628,11月1日
贺开朗,14584,11月2日
贺开朗,5849,11月3日
贺开朗,8955,11月4日
贺开朗,12169,11月5日
黄璐,16856,10月5日
黄璐,11933,10月6日
黄璐,4980,10月7日
黄璐,17189,10月8日
黄璐,3014,10月9日
黄璐,22803,10月10日
黄璐,21897,10月11日
黄璐,48520,10月12日
黄璐,44098,10月13日
黄璐,1941,10月14日
黄璐,13554,10月15日
黄璐,302,10月16日
黄璐,2145,10月17日
黄璐,3525,10月18日
黄璐,841,10月19日
黄璐,1321,10月20日
黄璐,53,10月21日
黄璐,7347,10月22日
黄璐,15123,10月23日
黄璐,15700,10月24日
黄璐,8286,10月25日
黄璐,38911,10月26日
黄璐,4787,10月27日
黄璐,982,10月28日
黄璐,65,10月29日
黄璐,4271,10月30日
黄璐,8594,10月31日
黄璐,34587,11月1日
黄璐,25301,11月2日
黄璐,17531,11月3日
黄璐,12095,11月4日
黄璐,41194,11月5日
黄梦莹,1979,10月5日
黄梦莹,29260,10月6日
黄梦莹,2763,10月7日
黄梦莹,3862,10月8日
黄梦莹,457,10月9日
黄梦莹,2572,10月10日
黄梦莹,2662,10月11日
黄梦莹,2328,10月12日
黄梦莹,757,10月13日
黄梦莹,651,10月14日
黄梦莹,2402,10月15日
黄梦莹,11268,10月16日
黄梦莹,183463,10月17日
黄梦莹,394783,10月18日
黄梦莹,73303,10月19日
黄梦莹,15712,10月20日
黄梦莹,30424,10月21日
黄梦莹,7452,10月22日
黄梦莹,47171,10月23日
黄梦莹,43310,10月24日
黄梦莹,61282,10月25日
黄梦莹,12287,10月26日
黄梦莹,28032,10月27日
黄梦莹,10477,10月28日
黄梦莹,4357,10月29日
黄梦莹,10555,10月30日
黄梦莹,3848,10月31日
黄梦莹,1089,11月1日
黄梦莹,3166,11月2日
黄梦莹,527,11月3日
黄梦莹,11921,11月4日
黄梦莹,2315,11月5日
胡杏儿,6402,10月5日
胡杏儿,8826,10月6日
胡杏儿,14502,10月7日
胡杏儿,32343,10月8日
胡杏儿,36767,10月9日
胡杏儿,276312,10月10日
胡杏儿,335359,10月11日
胡杏儿,208204,10月12日
胡杏儿,92599,10月13日
胡杏儿,21832,10月14日
胡杏儿,62421,10月15日
胡杏儿,93168,10月16日
胡杏儿,31768,10月17日
胡杏儿,61874,10月18日
胡杏儿,37304,10月19日
胡杏儿,77177,10月20日
胡杏儿,45201,10月21日
胡杏儿,25128,10月22日
胡杏儿,64547,10月23日
胡杏儿,210974,10月24日
胡杏儿,723903,10月25日
胡杏儿,139682,10月26日
胡杏儿,51632,10月27日
胡杏儿,99595,10月28日
胡杏儿,53832,10月29日
胡杏儿,6939,10月30日
胡杏儿,17860,10月31日
胡杏儿,13461,11月1日
胡杏儿,29740,11月2日
胡杏儿,352278,11月3日
胡杏儿,14551,11月4日
胡杏儿,66451,11月5日
黄奕,28142,10月5日
黄奕,35493,10月6日
黄奕,62968,10月7日
黄奕,48785,10月8日
黄奕,21073,10月9日
黄奕,774463,10月10日
黄奕,2450945,10月11日
黄奕,587117,10月12日
黄奕,157605,10月13日
黄奕,69245,10月14日
黄奕,123984,10月15日
黄奕,98576,10月16日
黄奕,43327,10月17日
黄奕,79314,10月18日
黄奕,35807,10月19日
黄奕,42495,10月20日
黄奕,73424,10月21日
黄奕,133240,10月22日
黄奕,61629,10月23日
黄奕,752965,10月24日
黄奕,968534,10月25日
黄奕,168203,10月26日
黄奕,107593,10月27日
黄奕,66816,10月28日
黄奕,27887,10月29日
黄奕,54867,10月30日
黄奕,20559,10月31日
黄奕,24692,11月1日
黄奕,60570,11月2日
黄奕,18795,11月3日
黄奕,54659,11月4日
黄奕,40709,11月5日
辣目洋子,7796,10月5日
辣目洋子,4493,10月6日
辣目洋子,2966,10月7日
辣目洋子,23452,10月8日
辣目洋子,11210,10月9日
辣目洋子,292083,10月10日
辣目洋子,1256737,10月11日
辣目洋子,193632,10月12日
辣目洋子,109972,10月13日
辣目洋子,23400,10月14日
辣目洋子,28899,10月15日
辣目洋子,21418,10月16日
辣目洋子,19183,10月17日
辣目洋子,94764,10月18日
辣目洋子,20114,10月19日
辣目洋子,18254,10月20日
辣目洋子,7923,10月21日
辣目洋子,25373,10月22日
辣目洋子,53699,10月23日
辣目洋子,100682,10月24日
辣目洋子,748544,10月25日
辣目洋子,43628,10月26日
辣目洋子,42376,10月27日
辣目洋子,73539,10月28日
辣目洋子,35051,10月29日
辣目洋子,48898,10月30日
辣目洋子,139253,10月31日
辣目洋子,30580,11月1日
辣目洋子,14964,11月2日
辣目洋子,12378,11月3日
辣目洋子,17040,11月4日
辣目洋子,182640,11月5日
刘芮麟,435,10月5日
刘芮麟,5792,10月6日
刘芮麟,13783,10月7日
刘芮麟,248,10月8日
刘芮麟,385,10月9日
刘芮麟,29234,10月10日
刘芮麟,3992,10月11日
刘芮麟,24053,10月12日
刘芮麟,589,10月13日
刘芮麟,406,10月14日
刘芮麟,3876,10月15日
刘芮麟,12533,10月16日
刘芮麟,448,10月17日
刘芮麟,255,10月18日
刘芮麟,4849,10月19日
刘芮麟,286,10月20日
刘芮麟,275,10月21日
刘芮麟,1506,10月22日
刘芮麟,15134,10月23日
刘芮麟,5703,10月24日
刘芮麟,22412,10月25日
刘芮麟,713,10月26日
刘芮麟,369,10月27日
刘芮麟,224247,10月28日
刘芮麟,20801,10月29日
刘芮麟,4412,10月30日
刘芮麟,30245,10月31日
刘芮麟,25098,11月1日
刘芮麟,14118,11月2日
刘芮麟,8101,11月3日
刘芮麟,3985,11月4日
刘芮麟,4925,11月5日
李溪芮,8149,10月5日
李溪芮,4919,10月6日
李溪芮,15442,10月7日
李溪芮,6204,10月8日
李溪芮,312374,10月9日
李溪芮,22462,10月10日
李溪芮,7777,10月11日
李溪芮,32918,10月12日
李溪芮,87706,10月13日
李溪芮,17099,10月14日
李溪芮,10586,10月15日
李溪芮,26085,10月16日
李溪芮,1070378,10月17日
李溪芮,1304148,10月18日
李溪芮,119040,10月19日
李溪芮,58924,10月20日
李溪芮,35192,10月21日
李溪芮,30169,10月22日
李溪芮,29169,10月23日
李溪芮,19226,10月24日
李溪芮,674987,10月25日
李溪芮,80590,10月26日
李溪芮,15436,10月27日
李溪芮,48629,10月28日
李溪芮,7475,10月29日
李溪芮,10622,10月30日
李溪芮,19285,10月31日
李溪芮,32084,11月1日
李溪芮,21690,11月2日
李溪芮,34353,11月3日
李溪芮,13461,11月4日
李溪芮,12991,11月5日
娄艺潇,24840,10月5日
娄艺潇,15382,10月6日
娄艺潇,341815,10月7日
娄艺潇,74983,10月8日
娄艺潇,22922,10月9日
娄艺潇,16591,10月10日
娄艺潇,18826,10月11日
娄艺潇,49195,10月12日
娄艺潇,61116,10月13日
娄艺潇,11948,10月14日
娄艺潇,46310,10月15日
娄艺潇,37468,10月16日
娄艺潇,205421,10月17日
娄艺潇,412040,10月18日
娄艺潇,57738,10月19日
娄艺潇,66141,10月20日
娄艺潇,37651,10月21日
娄艺潇,19423,10月22日
娄艺潇,82145,10月23日
娄艺潇,50798,10月24日
娄艺潇,19202,10月25日
娄艺潇,472540,10月26日
娄艺潇,66982,10月27日
娄艺潇,48586,10月28日
娄艺潇,28533,10月29日
娄艺潇,8938,10月30日
娄艺潇,22199,10月31日
娄艺潇,61094,11月1日
娄艺潇,128307,11月2日
娄艺潇,86726,11月3日
娄艺潇,77495,11月4日
娄艺潇,34842,11月5日
李智楠,79,10月5日
李智楠,119,10月6日
李智楠,177,10月7日
李智楠,28792,10月8日
李智楠,23920,10月9日
李智楠,5236,10月10日
李智楠,638,10月11日
李智楠,1510,10月12日
李智楠,74,10月13日
李智楠,34,10月14日
李智楠,56,10月15日
李智楠,6394,10月16日
李智楠,65142,10月17日
李智楠,56818,10月18日
李智楠,29611,10月19日
李智楠,15448,10月20日
李智楠,3887,10月21日
李智楠,6536,10月22日
李智楠,7565,10月23日
李智楠,6117,10月24日
李智楠,2697,10月25日
李智楠,14512,10月26日
李智楠,980,10月27日
李智楠,138,10月28日
李智楠,1111,10月29日
李智楠,159,10月30日
李智楠,26130,10月31日
李智楠,38804,11月1日
李智楠,21855,11月2日
李智楠,11758,11月3日
李智楠,8872,11月4日
李智楠,4759,11月5日
马伯骞,13157,10月5日
马伯骞,21017,10月6日
马伯骞,4685,10月7日
马伯骞,9599,10月8日
马伯骞,25594,10月9日
马伯骞,168921,10月10日
马伯骞,171946,10月11日
马伯骞,71285,10月12日
马伯骞,62130,10月13日
马伯骞,33780,10月14日
马伯骞,102917,10月15日
马伯骞,272900,10月16日
马伯骞,61595,10月17日
马伯骞,29648,10月18日
马伯骞,58089,10月19日
马伯骞,21954,10月20日
马伯骞,53694,10月21日
马伯骞,56807,10月22日
马伯骞,61114,10月23日
马伯骞,58760,10月24日
马伯骞,133489,10月25日
马伯骞,82156,10月26日
马伯骞,44685,10月27日
马伯骞,386953,10月28日
马伯骞,89492,10月29日
马伯骞,43664,10月30日
马伯骞,142857,10月31日
马伯骞,81755,11月1日
马伯骞,37432,11月2日
马伯骞,16633,11月3日
马伯骞,233852,11月4日
马伯骞,136364,11月5日
马苏,64479,10月5日
马苏,38809,10月6日
马苏,73488,10月7日
马苏,58474,10月8日
马苏,40044,10月9日
马苏,121185,10月10日
马苏,73648,10月11日
马苏,65451,10月12日
马苏,31573,10月13日
马苏,27998,10月14日
马苏,61292,10月15日
马苏,17376,10月16日
马苏,25963,10月17日
马苏,28169,10月18日
马苏,37354,10月19日
马苏,35036,10月20日
马苏,23652,10月21日
马苏,14070,10月22日
马苏,12039,10月23日
马苏,70097,10月24日
马苏,102524,10月25日
马苏,71040,10月26日
马苏,52933,10月27日
马苏,26005,10月28日
马苏,34255,10月29日
马苏,8633,10月30日
马苏,32405,10月31日
马苏,37604,11月1日
马苏,29037,11月2日
马苏,9853,11月3日
马苏,76601,11月4日
马苏,47581,11月5日
孟子义,14096,10月5日
孟子义,2182,10月6日
孟子义,9232,10月7日
孟子义,6577,10月8日
孟子义,7718,10月9日
孟子义,8906,10月10日
孟子义,7049,10月11日
孟子义,30256,10月12日
孟子义,9591,10月13日
孟子义,3251,10月14日
孟子义,2948,10月15日
孟子义,11150,10月16日
孟子义,814596,10月17日
孟子义,297485,10月18日
孟子义,85355,10月19日
孟子义,20042,10月20日
孟子义,22442,10月21日
孟子义,9640,10月22日
孟子义,6965,10月23日
孟子义,27336,10月24日
孟子义,62731,10月25日
孟子义,16534,10月26日
孟子义,21076,10月27日
孟子义,37181,10月28日
孟子义,17018,10月29日
孟子义,3888,10月30日
孟子义,314445,10月31日
孟子义,64575,11月1日
孟子义,47026,11月2日
孟子义,43615,11月3日
孟子义,85485,11月4日
孟子义,13854,11月5日
倪虹洁,75671,10月5日
倪虹洁,26789,10月6日
倪虹洁,65648,10月7日
倪虹洁,44408,10月8日
倪虹洁,3851,10月9日
倪虹洁,24236,10月10日
倪虹洁,16430,10月11日
倪虹洁,7293,10月12日
倪虹洁,6685,10月13日
倪虹洁,2618,10月14日
倪虹洁,200898,10月15日
倪虹洁,17710,10月16日
倪虹洁,8365,10月17日
倪虹洁,18902,10月18日
倪虹洁,10166,10月19日
倪虹洁,5117,10月20日
倪虹洁,4033,10月21日
倪虹洁,33979,10月22日
倪虹洁,47805,10月23日
倪虹洁,134137,10月24日
倪虹洁,156167,10月25日
倪虹洁,61201,10月26日
倪虹洁,33349,10月27日
倪虹洁,6326,10月28日
倪虹洁,7851,10月29日
倪虹洁,4125,10月30日
倪虹洁,18652,10月31日
倪虹洁,15977,11月1日
倪虹洁,27142,11月2日
倪虹洁,6790,11月3日
倪虹洁,11318,11月4日
倪虹洁,14303,11月5日
任敏,51645,10月5日
任敏,17476,10月6日
任敏,39750,10月7日
任敏,1563794,10月8日
任敏,34031,10月9日
任敏,25291,10月10日
任敏,26355,10月11日
任敏,24496,10月12日
任敏,35633,10月13日
任敏,13360,10月14日
任敏,12439,10月15日
任敏,9286,10月16日
任敏,183819,10月17日
任敏,47689,10月18日
任敏,27220,10月19日
任敏,22132,10月20日
任敏,7651,10月21日
任敏,12563,10月22日
任敏,24962,10月23日
任敏,60463,10月24日
任敏,68268,10月25日
任敏,82751,10月26日
任敏,66209,10月27日
任敏,122077,10月28日
任敏,34263,10月29日
任敏,14465,10月30日
任敏,379152,10月31日
任敏,293338,11月1日
任敏,61232,11月2日
任敏,56378,11月3日
任敏,103218,11月4日
任敏,23827,11月5日
孙千,3813,10月5日
孙千,1478,10月6日
孙千,4595,10月7日
孙千,16935,10月8日
孙千,10185,10月9日
孙千,26707,10月10日
孙千,4039,10月11日
孙千,5487,10月12日
孙千,1156,10月13日
孙千,1665,10月14日
孙千,2683,10月15日
孙千,7672,10月16日
孙千,214777,10月17日
孙千,414080,10月18日
孙千,98902,10月19日
孙千,33884,10月20日
孙千,14162,10月21日
孙千,12902,10月22日
孙千,21352,10月23日
孙千,47783,10月24日
孙千,82777,10月25日
孙千,18789,10月26日
孙千,22430,10月27日
孙千,11923,10月28日
孙千,13197,10月29日
孙千,109148,10月30日
孙千,194960,10月31日
孙千,123489,11月1日
孙千,72246,11月2日
孙千,35831,11月3日
孙千,7256,11月4日
孙千,17386,11月5日
孙阳,122,10月5日
孙阳,101,10月6日
孙阳,152,10月7日
孙阳,592,10月8日
孙阳,115,10月9日
孙阳,249,10月10日
孙阳,683,10月11日
孙阳,1629,10月12日
孙阳,282,10月13日
孙阳,245,10月14日
孙阳,70,10月15日
孙阳,6361,10月16日
孙阳,44390,10月17日
孙阳,37360,10月18日
孙阳,18730,10月19日
孙阳,672,10月20日
孙阳,1209,10月21日
孙阳,216,10月22日
孙阳,12406,10月23日
孙阳,67308,10月24日
孙阳,43961,10月25日
孙阳,15280,10月26日
孙阳,14351,10月27日
孙阳,13498,10月28日
孙阳,7166,10月29日
孙阳,2523,10月30日
孙阳,432,10月31日
孙阳,273,11月1日
孙阳,117,11月2日
孙阳,153,11月3日
孙阳,133,11月4日
孙阳,1610,11月5日
唐一菲,46149,10月5日
唐一菲,14888,10月6日
唐一菲,2086,10月7日
唐一菲,16729,10月8日
唐一菲,5969,10月9日
唐一菲,14481,10月10日
唐一菲,3703,10月11日
唐一菲,12969,10月12日
唐一菲,14991,10月13日
唐一菲,4576,10月14日
唐一菲,634738,10月15日
唐一菲,55901,10月16日
唐一菲,305997,10月17日
唐一菲,277608,10月18日
唐一菲,129247,10月19日
唐一菲,49547,10月20日
唐一菲,23708,10月21日
唐一菲,45400,10月22日
唐一菲,92206,10月23日
唐一菲,440050,10月24日
唐一菲,873600,10月25日
唐一菲,115982,10月26日
唐一菲,49587,10月27日
唐一菲,45802,10月28日
唐一菲,12734,10月29日
唐一菲,19884,10月30日
唐一菲,12245,10月31日
唐一菲,10789,11月1日
唐一菲,6913,11月2日
唐一菲,6215,11月3日
唐一菲,15407,11月4日
唐一菲,14808,11月5日
陈宥维,955449,10月5日
陈宥维,390303,10月6日
陈宥维,225757,10月7日
陈宥维,76950,10月8日
陈宥维,50377,10月9日
陈宥维,52641,10月10日
陈宥维,49104,10月11日
陈宥维,90045,10月12日
陈宥维,342524,10月13日
陈宥维,132934,10月14日
陈宥维,64934,10月15日
陈宥维,41916,10月16日
陈宥维,149233,10月17日
陈宥维,133152,10月18日
陈宥维,147400,10月19日
陈宥维,15035,10月20日
陈宥维,77161,10月21日
陈宥维,16440,10月22日
陈宥维,46005,10月23日
陈宥维,73948,10月24日
陈宥维,166158,10月25日
陈宥维,65712,10月26日
陈宥维,109020,10月27日
陈宥维,161888,10月28日
陈宥维,62434,10月29日
陈宥维,33939,10月30日
陈宥维,361016,10月31日
陈宥维,473107,11月1日
陈宥维,175512,11月2日
陈宥维,1381418,11月3日
陈宥维,85442,11月4日
陈宥维,85238,11月5日
何昶希,124519,10月5日
何昶希,152095,10月6日
何昶希,37575,10月7日
何昶希,36841,10月8日
何昶希,23749,10月9日
何昶希,1472564,10月10日
何昶希,1605951,10月11日
何昶希,185727,10月12日
何昶希,160922,10月13日
何昶希,77520,10月14日
何昶希,191035,10月15日
何昶希,175222,10月16日
何昶希,401881,10月17日
何昶希,221439,10月18日
何昶希,119141,10月19日
何昶希,18387,10月20日
何昶希,34607,10月21日
何昶希,9825,10月22日
何昶希,33564,10月23日
何昶希,30964,10月24日
何昶希,78072,10月25日
何昶希,49112,10月26日
何昶希,38039,10月27日
何昶希,84732,10月28日
何昶希,29340,10月29日
何昶希,22680,10月30日
何昶希,166695,10月31日
何昶希,121920,11月1日
何昶希,64487,11月2日
何昶希,72107,11月3日
何昶希,48046,11月4日
何昶希,244105,11月5日
王莎莎,5132,10月5日
王莎莎,6224,10月6日
王莎莎,1117,10月7日
王莎莎,22878,10月8日
王莎莎,1541,10月9日
王莎莎,2618,10月10日
王莎莎,1125,10月11日
王莎莎,1521,10月12日
王莎莎,1579,10月13日
王莎莎,64,10月14日
王莎莎,68,10月15日
王莎莎,7405,10月16日
王莎莎,174845,10月17日
王莎莎,237719,10月18日
王莎莎,50079,10月19日
王莎莎,36634,10月20日
王莎莎,25332,10月21日
王莎莎,23643,10月22日
王莎莎,49076,10月23日
王莎莎,22069,10月24日
王莎莎,6016,10月25日
王莎莎,21359,10月26日
王莎莎,3308,10月27日
王莎莎,1100,10月28日
王莎莎,3880,10月29日
王莎莎,125,10月30日
王莎莎,7152,10月31日
王莎莎,18711,11月1日
王莎莎,2413,11月2日
王莎莎,1976,11月3日
王莎莎,17897,11月4日
王莎莎,9436,11月5日
王智,923,10月5日
王智,20916,10月6日
王智,6197,10月7日
王智,11768,10月8日
王智,22497,10月9日
王智,14375,10月10日
王智,5931,10月11日
王智,2054,10月12日
王智,6741,10月13日
王智,6684,10月14日
王智,24486,10月15日
王智,11241,10月16日
王智,489,10月17日
王智,7419,10月18日
王智,2806,10月19日
王智,906,10月20日
王智,7880,10月21日
王智,88598,10月22日
王智,6549,10月23日
王智,26232,10月24日
王智,27899,10月25日
王智,19978,10月26日
王智,5989,10月27日
王智,16124,10月28日
王智,7512,10月29日
王智,5867,10月30日
王智,47311,10月31日
王智,60705,11月1日
王智,43300,11月2日
王智,46637,11月3日
王智,18109,11月4日
王智,6775,11月5日
温峥嵘,10594,10月5日
温峥嵘,5756,10月6日
温峥嵘,16105,10月7日
温峥嵘,63619,10月8日
温峥嵘,42198,10月9日
温峥嵘,8410,10月10日
温峥嵘,13131,10月11日
温峥嵘,11098,10月12日
温峥嵘,1427,10月13日
温峥嵘,1988,10月14日
温峥嵘,6489,10月15日
温峥嵘,6895,10月16日
温峥嵘,338126,10月17日
温峥嵘,220187,10月18日
温峥嵘,73484,10月19日
温峥嵘,40111,10月20日
温峥嵘,21515,10月21日
温峥嵘,17293,10月22日
温峥嵘,47677,10月23日
温峥嵘,21717,10月24日
温峥嵘,26796,10月25日
温峥嵘,24897,10月26日
温峥嵘,6117,10月27日
温峥嵘,39591,10月28日
温峥嵘,30051,10月29日
温峥嵘,38891,10月30日
温峥嵘,39522,10月31日
温峥嵘,32222,11月1日
温峥嵘,40791,11月2日
温峥嵘,26180,11月3日
温峥嵘,22814,11月4日
温峥嵘,43412,11月5日
晏紫东,16861,10月5日
晏紫东,24471,10月6日
晏紫东,6066,10月7日
晏紫东,2600,10月8日
晏紫东,24918,10月9日
晏紫东,6414,10月10日
晏紫东,88456,10月11日
晏紫东,5011,10月12日
晏紫东,7509,10月13日
晏紫东,4719,10月14日
晏紫东,4580,10月15日
晏紫东,1189,10月16日
晏紫东,2148,10月17日
晏紫东,8189,10月18日
晏紫东,2141,10月19日
晏紫东,1036,10月20日
晏紫东,887,10月21日
晏紫东,1195,10月22日
晏紫东,5289,10月23日
晏紫东,72332,10月24日
晏紫东,44769,10月25日
晏紫东,28281,10月26日
晏紫东,9337,10月27日
晏紫东,23082,10月28日
晏紫东,73521,10月29日
晏紫东,2127,10月30日
晏紫东,1589,10月31日
晏紫东,886,11月1日
晏紫东,440,11月2日
晏紫东,507,11月3日
晏紫东,306,11月4日
晏紫东,447,11月5日
杨志刚,6211,10月5日
杨志刚,2533,10月6日
杨志刚,8226,10月7日
杨志刚,19244,10月8日
杨志刚,878,10月9日
杨志刚,2059,10月10日
杨志刚,9464,10月11日
杨志刚,3341,10月12日
杨志刚,4984,10月13日
杨志刚,1463,10月14日
杨志刚,16627,10月15日
杨志刚,23975,10月16日
杨志刚,122506,10月17日
杨志刚,424682,10月18日
杨志刚,122750,10月19日
杨志刚,105710,10月20日
杨志刚,43228,10月21日
杨志刚,18913,10月22日
杨志刚,55642,10月23日
杨志刚,101042,10月24日
杨志刚,182810,10月25日
杨志刚,105533,10月26日
杨志刚,331845,10月27日
杨志刚,50532,10月28日
杨志刚,11971,10月29日
杨志刚,7522,10月30日
杨志刚,2948,10月31日
杨志刚,5281,11月1日
杨志刚,16558,11月2日
杨志刚,29849,11月3日
杨志刚,10979,11月4日
杨志刚,1259,11月5日
张大大,21951,10月5日
张大大,37033,10月6日
张大大,74334,10月7日
张大大,63454,10月8日
张大大,53944,10月9日
张大大,56914,10月10日
张大大,1144426,10月11日
张大大,69997,10月12日
张大大,180973,10月13日
张大大,24538,10月14日
张大大,711699,10月15日
张大大,434977,10月16日
张大大,172019,10月17日
张大大,61798,10月18日
张大大,58344,10月19日
张大大,7329,10月20日
张大大,5545,10月21日
张大大,20989,10月22日
张大大,58525,10月23日
张大大,488940,10月24日
张大大,153302,10月25日
张大大,55228,10月26日
张大大,1031088,10月27日
张大大,16772,10月28日
张大大,28581,10月29日
张大大,36786,10月30日
张大大,9135,10月31日
张大大,40112,11月1日
张大大,414504,11月2日
张大大,116598,11月3日
张大大,592121,11月4日
张大大,77581,11月5日
张海宇,42,10月5日
张海宇,182,10月6日
张海宇,34,10月7日
张海宇,659,10月8日
张海宇,3025,10月9日
张海宇,98,10月10日
张海宇,153,10月11日
张海宇,1658,10月12日
张海宇,28,10月13日
张海宇,49,10月14日
张海宇,879,10月15日
张海宇,10391,10月16日
张海宇,187300,10月17日
张海宇,143809,10月18日
张海宇,17099,10月19日
张海宇,24652,10月20日
张海宇,14755,10月21日
张海宇,2692,10月22日
张海宇,15824,10月23日
张海宇,16976,10月24日
张海宇,5418,10月25日
张海宇,846,10月26日
张海宇,206,10月27日
张海宇,920,10月28日
张海宇,236,10月29日
张海宇,500,10月30日
张海宇,25223,10月31日
张海宇,30482,11月1日
张海宇,22317,11月2日
张海宇,8029,11月3日
张海宇,558,11月4日
张海宇,6050,11月5日
张铭恩,19203,10月5日
张铭恩,22039,10月6日
张铭恩,53225,10月7日
张铭恩,16231,10月8日
张铭恩,32008,10月9日
张铭恩,29490,10月10日
张铭恩,7005,10月11日
张铭恩,34954,10月12日
张铭恩,4794,10月13日
张铭恩,6927,10月14日
张铭恩,7724,10月15日
张铭恩,14432,10月16日
张铭恩,79097,10月17日
张铭恩,226354,10月18日
张铭恩,74671,10月19日
张铭恩,53248,10月20日
张铭恩,35706,10月21日
张铭恩,44215,10月22日
张铭恩,15082,10月23日
张铭恩,7303,10月24日
张铭恩,6981,10月25日
张铭恩,24207,10月26日
张铭恩,2784,10月27日
张铭恩,3522,10月28日
张铭恩,3915,10月29日
张铭恩,1682,10月30日
张铭恩,3906,10月31日
张铭恩,2903,11月1日
张铭恩,3016,11月2日
张铭恩,1474,11月3日
张铭恩,1592,11月4日
张铭恩,1995,11月5日
张月,13829,10月5日
张月,18994,10月6日
张月,12425,10月7日
张月,29729,10月8日
张月,26443,10月9日
张月,85909,10月10日
张月,137512,10月11日
张月,79396,10月12日
张月,82423,10月13日
张月,15613,10月14日
张月,68517,10月15日
张月,15021,10月16日
张月,3012,10月17日
张月,8703,10月18日
张月,16133,10月19日
张月,19761,10月20日
张月,4254,10月21日
张月,4639,10月22日
张月,15953,10月23日
张月,12108,10月24日
张月,46945,10月25日
张月,7768,10月26日
张月,3268,10月27日
张月,67423,10月28日
张月,22333,10月29日
张月,5798,10月30日
张月,23678,10月31日
张月,16389,11月1日
张月,6531,11月2日
张月,15573,11月3日
张月,10831,11月4日
张月,26081,11月5日
张逸杰,1270,10月5日
张逸杰,844,10月6日
张逸杰,2300,10月7日
张逸杰,767,10月8日
张逸杰,2179,10月9日
张逸杰,611245,10月10日
张逸杰,206647,10月11日
张逸杰,50114,10月12日
张逸杰,33142,10月13日
张逸杰,8498,10月14日
张逸杰,4498,10月15日
张逸杰,1286,10月16日
张逸杰,4914,10月17日
张逸杰,5879,10月18日
张逸杰,2115,10月19日
张逸杰,946,10月20日
张逸杰,267,10月21日
张逸杰,329,10月22日
张逸杰,16083,10月23日
张逸杰,12718,10月24日
张逸杰,380039,10月25日
张逸杰,8004,10月26日
张逸杰,465950,10月27日
张逸杰,8513,10月28日
张逸杰,1133,10月29日
张逸杰,7648,10月30日
张逸杰,623,10月31日
张逸杰,604,11月1日
张逸杰,1641,11月2日
张逸杰,1016,11月3日
张逸杰,1042,11月4日
张逸杰,13272,11月5日
尹子维,2769,10月5日
尹子维,29819,10月6日
尹子维,23336,10月7日
尹子维,292,10月8日
尹子维,1784,10月9日
尹子维,74311,10月10日
尹子维,111500,10月11日
尹子维,36045,10月12日
尹子维,8846,10月13日
尹子维,49,10月14日
尹子维,2247,10月15日
尹子维,141,10月16日
尹子维,1083,10月17日
尹子维,324,10月18日
尹子维,182,10月19日
尹子维,27,10月20日
尹子维,2412,10月21日
尹子维,64,10月22日
尹子维,16,10月23日
尹子维,33,10月24日
尹子维,9,10月25日
尹子维,37,10月26日
尹子维,3224,10月27日
尹子维,64,10月28日
尹子维,22,10月29日
尹子维,38,10月30日
尹子维,33,10月31日
尹子维,19,11月1日
尹子维,5,11月2日
尹子维,43,11月3日
尹子维,3,11月4日
尹子维,5,11月5日
王茂蕾,7,10月5日
王茂蕾,472,10月6日
王茂蕾,23,10月7日
王茂蕾,21602,10月8日
王茂蕾,1299,10月9日
王茂蕾,762,10月10日
王茂蕾,236,10月11日
王茂蕾,20,10月12日
王茂蕾,27,10月13日
王茂蕾,22,10月14日
王茂蕾,6,10月15日
王茂蕾,1189,10月16日
王茂蕾,1101,10月17日
王茂蕾,12,10月18日
王茂蕾,16,10月19日
王茂蕾,6,10月20日
王茂蕾,32,10月21日
王茂蕾,33,10月22日
王茂蕾,9,10月23日
王茂蕾,5,10月24日
王茂蕾,3,10月25日
王茂蕾,24,10月26日
王茂蕾,7657,10月27日
王茂蕾,334,10月28日
王茂蕾,176,10月29日
王茂蕾,5012,10月30日
王茂蕾,289,10月31日
王茂蕾,30,11月1日
王茂蕾,159274,11月2日
王茂蕾,354482,11月3日
王茂蕾,7244,11月4日
王茂蕾,490582,11月5日
秦越,363,10月5日
秦越,131,10月6日
秦越,122,10月7日
秦越,25,10月8日
秦越,78,10月9日
秦越,365,10月10日
秦越,338,10月11日
秦越,7,10月12日
秦越,45,10月13日
秦越,42,10月14日
秦越,255,10月15日
秦越,419,10月16日
秦越,782,10月17日
秦越,212,10月18日
秦越,218,10月19日
秦越,35,10月20日
秦越,18,10月21日
秦越,142,10月22日
秦越,88,10月23日
秦越,2009,10月24日
秦越,22,10月25日
秦越,39,10月26日
秦越,23,10月27日
秦越,3,10月28日
秦越,59,10月29日
秦越,524,10月30日
秦越,136,10月31日
秦越,23,11月1日
秦越,105,11月2日
秦越,24,11月3日
秦越,26,11月4日
秦越,41,11月5日
李彩桦,63,10月5日
李彩桦,782350,10月6日
李彩桦,19,10月7日
李彩桦,2852,10月8日
李彩桦,78,10月9日
李彩桦,65,10月10日
李彩桦,36,10月11日
李彩桦,87,10月12日
李彩桦,92,10月13日
李彩桦,381,10月14日
李彩桦,30801,10月15日
李彩桦,2355,10月16日
李彩桦,81,10月17日
李彩桦,112,10月18日
李彩桦,344,10月19日
李彩桦,600,10月20日
李彩桦,5212,10月21日
李彩桦,5047,10月22日
李彩桦,3559,10月23日
李彩桦,22409,10月24日
李彩桦,12396,10月25日
李彩桦,8005,10月26日
李彩桦,7897,10月27日
李彩桦,432,10月28日
李彩桦,2763,10月29日
李彩桦,2098,10月30日
李彩桦,2948,10月31日
李彩桦,331,11月1日
李彩桦,1185,11月2日
李彩桦,1598,11月3日
李彩桦,1299,11月4日
李彩桦,3413,11月5日
